{
	"credit": "Made with Blockbench",
	"textures": {
		"0": "./dual_glaive",
		"particle": "./dual_glaive"
	},
	"elements": [
		{
			"name": "elven_sword_0",
			"from": [10.5, 11, 7.75],
			"to": [12, 12, 8.25],
			"rotation": {"angle": 0, "axis": "x", "origin": [8, 7.5, 15.75]},
			"faces": {
				"north": {"uv": [10.5, 4.5, 12, 3.5], "rotation": 180, "texture": "#0"},
				"east": {"uv": [11.5, 3.5, 12, 4.5], "texture": "#0"},
				"south": {"uv": [10.5, 3.5, 12, 4.5], "texture": "#0"},
				"west": {"uv": [10.5, 3.5, 11, 4.5], "texture": "#0"},
				"up": {"uv": [12, 3.5, 10.5, 4], "rotation": 180, "texture": "#0"},
				"down": {"uv": [10.5, 4, 12, 4.5], "texture": "#0"}
			}
		},
		{
			"name": "elven_sword_1",
			"from": [10, 9.5, 7.75],
			"to": [10.5, 11.5, 8.25],
			"rotation": {"angle": 0, "axis": "x", "origin": [8, 7.5, 15.75]},
			"faces": {
				"north": {"uv": [10, 6, 10.5, 4], "rotation": 180, "texture": "#0"},
				"east": {"uv": [10, 4, 10.5, 6], "texture": "#0"},
				"south": {"uv": [10, 4, 10.5, 6], "texture": "#0"},
				"west": {"uv": [10, 4, 10.5, 6], "texture": "#0"},
				"up": {"uv": [10.5, 4, 10, 4.5], "rotation": 180, "texture": "#0"},
				"down": {"uv": [10, 5.5, 10.5, 6], "texture": "#0"}
			}
		},
		{
			"name": "elven_sword_2",
			"from": [9.5, 9, 7.75],
			"to": [10, 11, 8.25],
			"rotation": {"angle": 0, "axis": "x", "origin": [8, 7.5, 15.75]},
			"faces": {
				"north": {"uv": [9.5, 6.5, 10, 4.5], "rotation": 180, "texture": "#0"},
				"east": {"uv": [9.5, 4.5, 10, 6.5], "texture": "#0"},
				"south": {"uv": [9.5, 4.5, 10, 6.5], "texture": "#0"},
				"west": {"uv": [9.5, 4.5, 10, 6.5], "texture": "#0"},
				"up": {"uv": [10, 4.5, 9.5, 5], "rotation": 180, "texture": "#0"},
				"down": {"uv": [9.5, 6, 10, 6.5], "texture": "#0"}
			}
		},
		{
			"name": "elven_sword_3",
			"from": [10.5, 10.5, 7.75],
			"to": [11.5, 11, 8.25],
			"rotation": {"angle": 0, "axis": "x", "origin": [8, 7.5, 15.75]},
			"faces": {
				"north": {"uv": [10.5, 5, 11.5, 4.5], "rotation": 180, "texture": "#0"},
				"east": {"uv": [11, 4.5, 11.5, 5], "texture": "#0"},
				"south": {"uv": [10.5, 4.5, 11.5, 5], "texture": "#0"},
				"west": {"uv": [10.5, 4.5, 11, 5], "texture": "#0"},
				"up": {"uv": [11.5, 4.5, 10.5, 5], "rotation": 180, "texture": "#0"},
				"down": {"uv": [10.5, 4.5, 11.5, 5], "texture": "#0"}
			}
		},
		{
			"name": "elven_sword_4",
			"from": [12, 9.5, 7.75],
			"to": [13, 11, 8.25],
			"rotation": {"angle": 0, "axis": "x", "origin": [8, 7.5, 15.75]},
			"faces": {
				"north": {"uv": [12, 6, 13, 4.5], "rotation": 180, "texture": "#0"},
				"east": {"uv": [12.5, 4.5, 13, 6], "texture": "#0"},
				"south": {"uv": [12, 4.5, 13, 6], "texture": "#0"},
				"west": {"uv": [12, 4.5, 12.5, 6], "texture": "#0"},
				"up": {"uv": [13, 4.5, 12, 5], "rotation": 180, "texture": "#0"},
				"down": {"uv": [12, 5.5, 13, 6], "texture": "#0"}
			}
		},
		{
			"name": "elven_sword_5",
			"from": [9, 8.5, 7.75],
			"to": [9.5, 10.5, 8.25],
			"rotation": {"angle": 0, "axis": "x", "origin": [8, 7.5, 15.75]},
			"faces": {
				"north": {"uv": [9, 7, 9.5, 5], "rotation": 180, "texture": "#0"},
				"east": {"uv": [9, 5, 9.5, 7], "texture": "#0"},
				"south": {"uv": [9, 5, 9.5, 7], "texture": "#0"},
				"west": {"uv": [9, 5, 9.5, 7], "texture": "#0"},
				"up": {"uv": [9.5, 5, 9, 5.5], "rotation": 180, "texture": "#0"},
				"down": {"uv": [9, 6.5, 9.5, 7], "texture": "#0"}
			}
		},
		{
			"name": "elven_sword_6",
			"from": [10.5, 10, 7.75],
			"to": [11, 10.5, 8.25],
			"rotation": {"angle": 0, "axis": "x", "origin": [8, 7.5, 15.75]},
			"faces": {
				"north": {"uv": [10.5, 5.5, 11, 5], "rotation": 180, "texture": "#0"},
				"east": {"uv": [10.5, 5, 11, 5.5], "texture": "#0"},
				"south": {"uv": [10.5, 5, 11, 5.5], "texture": "#0"},
				"west": {"uv": [10.5, 5, 11, 5.5], "texture": "#0"},
				"up": {"uv": [11, 5, 10.5, 5.5], "rotation": 180, "texture": "#0"},
				"down": {"uv": [10.5, 5, 11, 5.5], "texture": "#0"}
			}
		},
		{
			"name": "elven_sword_7",
			"from": [11.5, 8.5, 7.75],
			"to": [12, 10.5, 8.25],
			"rotation": {"angle": 0, "axis": "x", "origin": [8, 7.5, 15.75]},
			"faces": {
				"north": {"uv": [11.5, 7, 12, 5], "rotation": 180, "texture": "#0"},
				"east": {"uv": [11.5, 5, 12, 7], "texture": "#0"},
				"south": {"uv": [11.5, 5, 12, 7], "texture": "#0"},
				"west": {"uv": [11.5, 5, 12, 7], "texture": "#0"},
				"up": {"uv": [12, 5, 11.5, 5.5], "rotation": 180, "texture": "#0"},
				"down": {"uv": [11.5, 6.5, 12, 7], "texture": "#0"}
			}
		},
		{
			"name": "elven_sword_8",
			"from": [8.5, 8, 7.75],
			"to": [9, 10, 8.25],
			"rotation": {"angle": 0, "axis": "x", "origin": [8, 7.5, 15.75]},
			"faces": {
				"north": {"uv": [8.5, 7.5, 9, 5.5], "rotation": 180, "texture": "#0"},
				"east": {"uv": [8.5, 5.5, 9, 7.5], "texture": "#0"},
				"south": {"uv": [8.5, 5.5, 9, 7.5], "texture": "#0"},
				"west": {"uv": [8.5, 5.5, 9, 7.5], "texture": "#0"},
				"up": {"uv": [9, 5.5, 8.5, 6], "rotation": 180, "texture": "#0"},
				"down": {"uv": [8.5, 7, 9, 7.5], "texture": "#0"}
			}
		},
		{
			"name": "elven_sword_9",
			"from": [11, 8, 7.75],
			"to": [11.5, 10, 8.25],
			"rotation": {"angle": 0, "axis": "x", "origin": [8, 7.5, 15.75]},
			"faces": {
				"north": {"uv": [11, 7.5, 11.5, 5.5], "rotation": 180, "texture": "#0"},
				"east": {"uv": [11, 5.5, 11.5, 7.5], "texture": "#0"},
				"south": {"uv": [11, 5.5, 11.5, 7.5], "texture": "#0"},
				"west": {"uv": [11, 5.5, 11.5, 7.5], "texture": "#0"},
				"up": {"uv": [11.5, 5.5, 11, 6], "rotation": 180, "texture": "#0"},
				"down": {"uv": [11, 7, 11.5, 7.5], "texture": "#0"}
			}
		},
		{
			"name": "elven_sword_10",
			"from": [8, 7.5, 7.75],
			"to": [8.5, 9.5, 8.25],
			"rotation": {"angle": 0, "axis": "x", "origin": [8, 7.5, 15.75]},
			"faces": {
				"north": {"uv": [8, 8, 8.5, 6], "rotation": 180, "texture": "#0"},
				"east": {"uv": [8, 6, 8.5, 8], "texture": "#0"},
				"south": {"uv": [8, 6, 8.5, 8], "texture": "#0"},
				"west": {"uv": [8, 6, 8.5, 8], "texture": "#0"},
				"up": {"uv": [8.5, 6, 8, 6.5], "rotation": 180, "texture": "#0"},
				"down": {"uv": [8, 7.5, 8.5, 8], "texture": "#0"}
			}
		},
		{
			"name": "elven_sword_11",
			"from": [10.5, 7.5, 7.75],
			"to": [11, 9.5, 8.25],
			"rotation": {"angle": 0, "axis": "x", "origin": [8, 7.5, 15.75]},
			"faces": {
				"north": {"uv": [10.5, 8, 11, 6], "rotation": 180, "texture": "#0"},
				"east": {"uv": [10.5, 6, 11, 8], "texture": "#0"},
				"south": {"uv": [10.5, 6, 11, 8], "texture": "#0"},
				"west": {"uv": [10.5, 6, 11, 8], "texture": "#0"},
				"up": {"uv": [11, 6, 10.5, 6.5], "rotation": 180, "texture": "#0"},
				"down": {"uv": [10.5, 7.5, 11, 8], "texture": "#0"}
			}
		},
		{
			"name": "elven_sword_12",
			"from": [12, 9, 7.75],
			"to": [12.5, 9.5, 8.25],
			"rotation": {"angle": 0, "axis": "x", "origin": [8, 7.5, 15.75]},
			"faces": {
				"north": {"uv": [12, 6.5, 12.5, 6], "rotation": 180, "texture": "#0"},
				"east": {"uv": [12, 6, 12.5, 6.5], "texture": "#0"},
				"south": {"uv": [12, 6, 12.5, 6.5], "texture": "#0"},
				"west": {"uv": [12, 6, 12.5, 6.5], "texture": "#0"},
				"up": {"uv": [12.5, 6, 12, 6.5], "rotation": 180, "texture": "#0"},
				"down": {"uv": [12, 6, 12.5, 6.5], "texture": "#0"}
			}
		},
		{
			"name": "elven_sword_13",
			"from": [7.5, 7, 7.75],
			"to": [8, 9, 8.25],
			"rotation": {"angle": 0, "axis": "x", "origin": [8, 7.5, 15.75]},
			"faces": {
				"north": {"uv": [7.5, 8.5, 8, 6.5], "rotation": 180, "texture": "#0"},
				"east": {"uv": [7.5, 6.5, 8, 8.5], "texture": "#0"},
				"south": {"uv": [7.5, 6.5, 8, 8.5], "texture": "#0"},
				"west": {"uv": [7.5, 6.5, 8, 8.5], "texture": "#0"},
				"up": {"uv": [8, 6.5, 7.5, 7], "rotation": 180, "texture": "#0"},
				"down": {"uv": [7.5, 8, 8, 8.5], "texture": "#0"}
			}
		},
		{
			"name": "elven_sword_14",
			"from": [10, 7, 7.75],
			"to": [10.5, 9, 8.25],
			"rotation": {"angle": 0, "axis": "x", "origin": [8, 7.5, 15.75]},
			"faces": {
				"north": {"uv": [10, 8.5, 10.5, 6.5], "rotation": 180, "texture": "#0"},
				"east": {"uv": [10, 6.5, 10.5, 8.5], "texture": "#0"},
				"south": {"uv": [10, 6.5, 10.5, 8.5], "texture": "#0"},
				"west": {"uv": [10, 6.5, 10.5, 8.5], "texture": "#0"},
				"up": {"uv": [10.5, 6.5, 10, 7], "rotation": 180, "texture": "#0"},
				"down": {"uv": [10, 8, 10.5, 8.5], "texture": "#0"}
			}
		},
		{
			"name": "elven_sword_15",
			"from": [7, 6.5, 7.75],
			"to": [7.5, 8.5, 8.25],
			"rotation": {"angle": 0, "axis": "x", "origin": [8, 7.5, 15.75]},
			"faces": {
				"north": {"uv": [7, 9, 7.5, 7], "rotation": 180, "texture": "#0"},
				"east": {"uv": [7, 7, 7.5, 9], "texture": "#0"},
				"south": {"uv": [7, 7, 7.5, 9], "texture": "#0"},
				"west": {"uv": [7, 7, 7.5, 9], "texture": "#0"},
				"up": {"uv": [7.5, 7, 7, 7.5], "rotation": 180, "texture": "#0"},
				"down": {"uv": [7, 8.5, 7.5, 9], "texture": "#0"}
			}
		},
		{
			"name": "elven_sword_16",
			"from": [9.5, 6.5, 7.75],
			"to": [10, 8.5, 8.25],
			"rotation": {"angle": 0, "axis": "x", "origin": [8, 7.5, 15.75]},
			"faces": {
				"north": {"uv": [9.5, 9, 10, 7], "rotation": 180, "texture": "#0"},
				"east": {"uv": [9.5, 7, 10, 9], "texture": "#0"},
				"south": {"uv": [9.5, 7, 10, 9], "texture": "#0"},
				"west": {"uv": [9.5, 7, 10, 9], "texture": "#0"},
				"up": {"uv": [10, 7, 9.5, 7.5], "rotation": 180, "texture": "#0"},
				"down": {"uv": [9.5, 8.5, 10, 9], "texture": "#0"}
			}
		},
		{
			"name": "elven_sword_17",
			"from": [6.5, 6, 7.75],
			"to": [7, 8, 8.25],
			"rotation": {"angle": 0, "axis": "x", "origin": [8, 7.5, 15.75]},
			"faces": {
				"north": {"uv": [6.5, 9.5, 7, 7.5], "rotation": 180, "texture": "#0"},
				"east": {"uv": [6.5, 7.5, 7, 9.5], "texture": "#0"},
				"south": {"uv": [6.5, 7.5, 7, 9.5], "texture": "#0"},
				"west": {"uv": [6.5, 7.5, 7, 9.5], "texture": "#0"},
				"up": {"uv": [7, 7.5, 6.5, 8], "rotation": 180, "texture": "#0"},
				"down": {"uv": [6.5, 9, 7, 9.5], "texture": "#0"}
			}
		},
		{
			"name": "elven_sword_18",
			"from": [9, 6, 7.75],
			"to": [9.5, 8, 8.25],
			"rotation": {"angle": 0, "axis": "x", "origin": [8, 7.5, 15.75]},
			"faces": {
				"north": {"uv": [9, 9.5, 9.5, 7.5], "rotation": 180, "texture": "#0"},
				"east": {"uv": [9, 7.5, 9.5, 9.5], "texture": "#0"},
				"south": {"uv": [9, 7.5, 9.5, 9.5], "texture": "#0"},
				"west": {"uv": [9, 7.5, 9.5, 9.5], "texture": "#0"},
				"up": {"uv": [9.5, 7.5, 9, 8], "rotation": 180, "texture": "#0"},
				"down": {"uv": [9, 9, 9.5, 9.5], "texture": "#0"}
			}
		},
		{
			"name": "elven_sword_19",
			"from": [6, 5.5, 7.75],
			"to": [6.5, 7.5, 8.25],
			"rotation": {"angle": 0, "axis": "x", "origin": [8, 7.5, 15.75]},
			"faces": {
				"north": {"uv": [6, 10, 6.5, 8], "rotation": 180, "texture": "#0"},
				"east": {"uv": [6, 8, 6.5, 10], "texture": "#0"},
				"south": {"uv": [6, 8, 6.5, 10], "texture": "#0"},
				"west": {"uv": [6, 8, 6.5, 10], "texture": "#0"},
				"up": {"uv": [6.5, 8, 6, 8.5], "rotation": 180, "texture": "#0"},
				"down": {"uv": [6, 9.5, 6.5, 10], "texture": "#0"}
			}
		},
		{
			"name": "elven_sword_20",
			"from": [8.5, 5.5, 7.75],
			"to": [9, 7.5, 8.25],
			"rotation": {"angle": 0, "axis": "x", "origin": [8, 7.5, 15.75]},
			"faces": {
				"north": {"uv": [8.5, 10, 9, 8], "rotation": 180, "texture": "#0"},
				"east": {"uv": [8.5, 8, 9, 10], "texture": "#0"},
				"south": {"uv": [8.5, 8, 9, 10], "texture": "#0"},
				"west": {"uv": [8.5, 8, 9, 10], "texture": "#0"},
				"up": {"uv": [9, 8, 8.5, 8.5], "rotation": 180, "texture": "#0"},
				"down": {"uv": [8.5, 9.5, 9, 10], "texture": "#0"}
			}
		},
		{
			"name": "elven_sword_21",
			"from": [5.5, 3, 7.75],
			"to": [6, 7, 8.25],
			"rotation": {"angle": 0, "axis": "x", "origin": [8, 7.5, 15.75]},
			"faces": {
				"north": {"uv": [5.5, 12.5, 6, 8.5], "rotation": 180, "texture": "#0"},
				"east": {"uv": [5.5, 8.5, 6, 12.5], "texture": "#0"},
				"south": {"uv": [5.5, 8.5, 6, 12.5], "texture": "#0"},
				"west": {"uv": [5.5, 8.5, 6, 12.5], "texture": "#0"},
				"up": {"uv": [6, 8.5, 5.5, 9], "rotation": 180, "texture": "#0"},
				"down": {"uv": [5.5, 12, 6, 12.5], "texture": "#0"}
			}
		},
		{
			"name": "elven_sword_22",
			"from": [8, 5, 7.75],
			"to": [8.5, 7, 8.25],
			"rotation": {"angle": 0, "axis": "x", "origin": [8, 7.5, 15.75]},
			"faces": {
				"north": {"uv": [8, 10.5, 8.5, 8.5], "rotation": 180, "texture": "#0"},
				"east": {"uv": [8, 8.5, 8.5, 10.5], "texture": "#0"},
				"south": {"uv": [8, 8.5, 8.5, 10.5], "texture": "#0"},
				"west": {"uv": [8, 8.5, 8.5, 10.5], "texture": "#0"},
				"up": {"uv": [8.5, 8.5, 8, 9], "rotation": 180, "texture": "#0"},
				"down": {"uv": [8, 10, 8.5, 10.5], "texture": "#0"}
			}
		},
		{
			"name": "elven_sword_23",
			"from": [5, 3.5, 7.75],
			"to": [5.5, 6.5, 8.25],
			"rotation": {"angle": 0, "axis": "x", "origin": [8, 7.5, 15.75]},
			"faces": {
				"north": {"uv": [5, 12, 5.5, 9], "rotation": 180, "texture": "#0"},
				"east": {"uv": [5, 9, 5.5, 12], "texture": "#0"},
				"south": {"uv": [5, 9, 5.5, 12], "texture": "#0"},
				"west": {"uv": [5, 9, 5.5, 12], "texture": "#0"},
				"up": {"uv": [5.5, 9, 5, 9.5], "rotation": 180, "texture": "#0"},
				"down": {"uv": [5, 11.5, 5.5, 12], "texture": "#0"}
			}
		},
		{
			"name": "elven_sword_24",
			"from": [7.5, 4.5, 7.75],
			"to": [8, 6.5, 8.25],
			"rotation": {"angle": 0, "axis": "x", "origin": [8, 7.5, 15.75]},
			"faces": {
				"north": {"uv": [7.5, 11, 8, 9], "rotation": 180, "texture": "#0"},
				"east": {"uv": [7.5, 9, 8, 11], "texture": "#0"},
				"south": {"uv": [7.5, 9, 8, 11], "texture": "#0"},
				"west": {"uv": [7.5, 9, 8, 11], "texture": "#0"},
				"up": {"uv": [8, 9, 7.5, 9.5], "rotation": 180, "texture": "#0"},
				"down": {"uv": [7.5, 10.5, 8, 11], "texture": "#0"}
			}
		},
		{
			"name": "elven_sword_25",
			"from": [4.5, 5, 7.75],
			"to": [5, 6, 8.25],
			"rotation": {"angle": 0, "axis": "x", "origin": [8, 7.5, 15.75]},
			"faces": {
				"north": {"uv": [4.5, 10.5, 5, 9.5], "rotation": 180, "texture": "#0"},
				"east": {"uv": [4.5, 9.5, 5, 10.5], "texture": "#0"},
				"south": {"uv": [4.5, 9.5, 5, 10.5], "texture": "#0"},
				"west": {"uv": [4.5, 9.5, 5, 10.5], "texture": "#0"},
				"up": {"uv": [5, 9.5, 4.5, 10], "rotation": 180, "texture": "#0"},
				"down": {"uv": [4.5, 10, 5, 10.5], "texture": "#0"}
			}
		},
		{
			"name": "elven_sword_26",
			"from": [7, 4, 7.75],
			"to": [7.5, 6, 8.25],
			"rotation": {"angle": 0, "axis": "x", "origin": [8, 7.5, 15.75]},
			"faces": {
				"north": {"uv": [7, 11.5, 7.5, 9.5], "rotation": 180, "texture": "#0"},
				"east": {"uv": [7, 9.5, 7.5, 11.5], "texture": "#0"},
				"south": {"uv": [7, 9.5, 7.5, 11.5], "texture": "#0"},
				"west": {"uv": [7, 9.5, 7.5, 11.5], "texture": "#0"},
				"up": {"uv": [7.5, 9.5, 7, 10], "rotation": 180, "texture": "#0"},
				"down": {"uv": [7, 11, 7.5, 11.5], "texture": "#0"}
			}
		},
		{
			"name": "elven_sword_27",
			"from": [4, 5, 7.75],
			"to": [4.5, 5.5, 8.25],
			"rotation": {"angle": 0, "axis": "x", "origin": [8, 7.5, 15.75]},
			"faces": {
				"north": {"uv": [4, 10.5, 4.5, 10], "rotation": 180, "texture": "#0"},
				"east": {"uv": [4, 10, 4.5, 10.5], "texture": "#0"},
				"south": {"uv": [4, 10, 4.5, 10.5], "texture": "#0"},
				"west": {"uv": [4, 10, 4.5, 10.5], "texture": "#0"},
				"up": {"uv": [4.5, 10, 4, 10.5], "rotation": 180, "texture": "#0"},
				"down": {"uv": [4, 10, 4.5, 10.5], "texture": "#0"}
			}
		},
		{
			"name": "elven_sword_28",
			"from": [6.5, 4, 7.75],
			"to": [7, 5.5, 8.25],
			"rotation": {"angle": 0, "axis": "x", "origin": [8, 7.5, 15.75]},
			"faces": {
				"north": {"uv": [6.5, 11.5, 7, 10], "rotation": 180, "texture": "#0"},
				"east": {"uv": [6.5, 10, 7, 11.5], "texture": "#0"},
				"south": {"uv": [6.5, 10, 7, 11.5], "texture": "#0"},
				"west": {"uv": [6.5, 10, 7, 11.5], "texture": "#0"},
				"up": {"uv": [7, 10, 6.5, 10.5], "rotation": 180, "texture": "#0"},
				"down": {"uv": [6.5, 11, 7, 11.5], "texture": "#0"}
			}
		},
		{
			"name": "elven_sword_29",
			"from": [3.5, 4.5, 7.75],
			"to": [4, 5, 8.25],
			"rotation": {"angle": 0, "axis": "x", "origin": [8, 7.5, 15.75]},
			"faces": {
				"north": {"uv": [3.5, 11, 4, 10.5], "rotation": 180, "texture": "#0"},
				"east": {"uv": [3.5, 10.5, 4, 11], "texture": "#0"},
				"south": {"uv": [3.5, 10.5, 4, 11], "texture": "#0"},
				"west": {"uv": [3.5, 10.5, 4, 11], "texture": "#0"},
				"up": {"uv": [4, 10.5, 3.5, 11], "rotation": 180, "texture": "#0"},
				"down": {"uv": [3.5, 10.5, 4, 11], "texture": "#0"}
			}
		},
		{
			"name": "elven_sword_30",
			"from": [6, 3, 7.75],
			"to": [6.5, 5, 8.25],
			"rotation": {"angle": 0, "axis": "x", "origin": [8, 7.5, 15.75]},
			"faces": {
				"north": {"uv": [6, 12.5, 6.5, 10.5], "rotation": 180, "texture": "#0"},
				"east": {"uv": [6, 10.5, 6.5, 12.5], "texture": "#0"},
				"south": {"uv": [6, 10.5, 6.5, 12.5], "texture": "#0"},
				"west": {"uv": [6, 10.5, 6.5, 12.5], "texture": "#0"},
				"up": {"uv": [6.5, 10.5, 6, 11], "rotation": 180, "texture": "#0"},
				"down": {"uv": [6, 12, 6.5, 12.5], "texture": "#0"}
			}
		},
		{
			"name": "elven_sword_31",
			"from": [3, 1.5, 7.75],
			"to": [3.5, 4.5, 8.25],
			"rotation": {"angle": 0, "axis": "x", "origin": [8, 7.5, 15.75]},
			"faces": {
				"north": {"uv": [3, 14, 3.5, 11], "rotation": 180, "texture": "#0"},
				"east": {"uv": [3, 11, 3.5, 14], "texture": "#0"},
				"south": {"uv": [3, 11, 3.5, 14], "texture": "#0"},
				"west": {"uv": [3, 11, 3.5, 14], "texture": "#0"},
				"up": {"uv": [3.5, 11, 3, 11.5], "rotation": 180, "texture": "#0"},
				"down": {"uv": [3, 13.5, 3.5, 14], "texture": "#0"}
			}
		},
		{
			"name": "elven_sword_32",
			"from": [4.5, 3, 7.75],
			"to": [5, 4.5, 8.25],
			"rotation": {"angle": 0, "axis": "x", "origin": [8, 7.5, 15.75]},
			"faces": {
				"north": {"uv": [4.5, 12.5, 5, 11], "rotation": 180, "texture": "#0"},
				"east": {"uv": [4.5, 11, 5, 12.5], "texture": "#0"},
				"south": {"uv": [4.5, 11, 5, 12.5], "texture": "#0"},
				"west": {"uv": [4.5, 11, 5, 12.5], "texture": "#0"},
				"up": {"uv": [5, 11, 4.5, 11.5], "rotation": 180, "texture": "#0"},
				"down": {"uv": [4.5, 12, 5, 12.5], "texture": "#0"}
			}
		},
		{
			"name": "elven_sword_33",
			"from": [1.5, 3.5, 7.75],
			"to": [2, 4, 8.25],
			"rotation": {"angle": 0, "axis": "x", "origin": [8, 7.5, 15.75]},
			"faces": {
				"north": {"uv": [1.5, 12, 2, 11.5], "rotation": 180, "texture": "#0"},
				"east": {"uv": [1.5, 11.5, 2, 12], "texture": "#0"},
				"south": {"uv": [1.5, 11.5, 2, 12], "texture": "#0"},
				"west": {"uv": [1.5, 11.5, 2, 12], "texture": "#0"},
				"up": {"uv": [2, 11.5, 1.5, 12], "rotation": 180, "texture": "#0"},
				"down": {"uv": [1.5, 11.5, 2, 12], "texture": "#0"}
			}
		},
		{
			"name": "elven_sword_34",
			"from": [4, 2, 7.75],
			"to": [4.5, 4, 8.25],
			"rotation": {"angle": 0, "axis": "x", "origin": [8, 7.5, 15.75]},
			"faces": {
				"north": {"uv": [4, 13.5, 4.5, 11.5], "rotation": 180, "texture": "#0"},
				"east": {"uv": [4, 11.5, 4.5, 13.5], "texture": "#0"},
				"south": {"uv": [4, 11.5, 4.5, 13.5], "texture": "#0"},
				"west": {"uv": [4, 11.5, 4.5, 13.5], "texture": "#0"},
				"up": {"uv": [4.5, 11.5, 4, 12], "rotation": 180, "texture": "#0"},
				"down": {"uv": [4, 13, 4.5, 13.5], "texture": "#0"}
			}
		},
		{
			"name": "elven_sword_35",
			"from": [1, 3, 7.75],
			"to": [1.5, 3.5, 8.25],
			"rotation": {"angle": 0, "axis": "x", "origin": [8, 7.5, 15.75]},
			"faces": {
				"north": {"uv": [1, 12.5, 1.5, 12], "rotation": 180, "texture": "#0"},
				"east": {"uv": [1, 12, 1.5, 12.5], "texture": "#0"},
				"south": {"uv": [1, 12, 1.5, 12.5], "texture": "#0"},
				"west": {"uv": [1, 12, 1.5, 12.5], "texture": "#0"},
				"up": {"uv": [1.5, 12, 1, 12.5], "rotation": 180, "texture": "#0"},
				"down": {"uv": [1, 12, 1.5, 12.5], "texture": "#0"}
			}
		},
		{
			"name": "elven_sword_36",
			"from": [2, 2.5, 7.75],
			"to": [3, 3.5, 8.25],
			"rotation": {"angle": 0, "axis": "x", "origin": [8, 7.5, 15.75]},
			"faces": {
				"north": {"uv": [2, 13, 3, 12], "rotation": 180, "texture": "#0"},
				"east": {"uv": [2.5, 12, 3, 13], "texture": "#0"},
				"south": {"uv": [2, 12, 3, 13], "texture": "#0"},
				"west": {"uv": [2, 12, 2.5, 13], "texture": "#0"},
				"up": {"uv": [3, 12, 2, 12.5], "rotation": 180, "texture": "#0"},
				"down": {"uv": [2, 12.5, 3, 13], "texture": "#0"}
			}
		},
		{
			"name": "elven_sword_37",
			"from": [3.5, 1.5, 7.75],
			"to": [4, 3.5, 8.25],
			"rotation": {"angle": 0, "axis": "x", "origin": [8, 7.5, 15.75]},
			"faces": {
				"north": {"uv": [3.5, 14, 4, 12], "rotation": 180, "texture": "#0"},
				"east": {"uv": [3.5, 12, 4, 14], "texture": "#0"},
				"south": {"uv": [3.5, 12, 4, 14], "texture": "#0"},
				"west": {"uv": [3.5, 12, 4, 14], "texture": "#0"},
				"up": {"uv": [4, 12, 3.5, 12.5], "rotation": 180, "texture": "#0"},
				"down": {"uv": [3.5, 13.5, 4, 14], "texture": "#0"}
			}
		},
		{
			"name": "elven_sword_38",
			"from": [5, 2.5, 7.75],
			"to": [5.5, 3, 8.25],
			"rotation": {"angle": 0, "axis": "x", "origin": [8, 7.5, 15.75]},
			"faces": {
				"north": {"uv": [5, 13, 5.5, 12.5], "rotation": 180, "texture": "#0"},
				"east": {"uv": [5, 12.5, 5.5, 13], "texture": "#0"},
				"south": {"uv": [5, 12.5, 5.5, 13], "texture": "#0"},
				"west": {"uv": [5, 12.5, 5.5, 13], "texture": "#0"},
				"up": {"uv": [5.5, 12.5, 5, 13], "rotation": 180, "texture": "#0"},
				"down": {"uv": [5, 12.5, 5.5, 13], "texture": "#0"}
			}
		},
		{
			"name": "elven_sword_39",
			"from": [6.5, 2.5, 7.75],
			"to": [7, 3, 8.25],
			"rotation": {"angle": 0, "axis": "x", "origin": [8, 7.5, 15.75]},
			"faces": {
				"north": {"uv": [6.5, 13, 7, 12.5], "rotation": 180, "texture": "#0"},
				"east": {"uv": [6.5, 12.5, 7, 13], "texture": "#0"},
				"south": {"uv": [6.5, 12.5, 7, 13], "texture": "#0"},
				"west": {"uv": [6.5, 12.5, 7, 13], "texture": "#0"},
				"up": {"uv": [7, 12.5, 6.5, 13], "rotation": 180, "texture": "#0"},
				"down": {"uv": [6.5, 12.5, 7, 13], "texture": "#0"}
			}
		},
		{
			"name": "elven_sword_40",
			"from": [1.5, 2, 7.75],
			"to": [2, 2.5, 8.25],
			"rotation": {"angle": 0, "axis": "x", "origin": [8, 7.5, 15.75]},
			"faces": {
				"north": {"uv": [1.5, 13.5, 2, 13], "rotation": 180, "texture": "#0"},
				"east": {"uv": [1.5, 13, 2, 13.5], "texture": "#0"},
				"south": {"uv": [1.5, 13, 2, 13.5], "texture": "#0"},
				"west": {"uv": [1.5, 13, 2, 13.5], "texture": "#0"},
				"up": {"uv": [2, 13, 1.5, 13.5], "rotation": 180, "texture": "#0"},
				"down": {"uv": [1.5, 13, 2, 13.5], "texture": "#0"}
			}
		},
		{
			"name": "elven_sword_41",
			"from": [2.5, 1, 7.75],
			"to": [3, 2.5, 8.25],
			"rotation": {"angle": 0, "axis": "x", "origin": [8, 7.5, 15.75]},
			"faces": {
				"north": {"uv": [2.5, 14.5, 3, 13], "rotation": 180, "texture": "#0"},
				"east": {"uv": [2.5, 13, 3, 14.5], "texture": "#0"},
				"south": {"uv": [2.5, 13, 3, 14.5], "texture": "#0"},
				"west": {"uv": [2.5, 13, 3, 14.5], "texture": "#0"},
				"up": {"uv": [3, 13, 2.5, 13.5], "rotation": 180, "texture": "#0"},
				"down": {"uv": [2.5, 14, 3, 14.5], "texture": "#0"}
			}
		},
		{
			"name": "elven_sword_42",
			"from": [4.5, 2, 7.75],
			"to": [5, 2.5, 8.25],
			"rotation": {"angle": 0, "axis": "x", "origin": [8, 7.5, 15.75]},
			"faces": {
				"north": {"uv": [4.5, 13.5, 5, 13], "rotation": 180, "texture": "#0"},
				"east": {"uv": [4.5, 13, 5, 13.5], "texture": "#0"},
				"south": {"uv": [4.5, 13, 5, 13.5], "texture": "#0"},
				"west": {"uv": [4.5, 13, 5, 13.5], "texture": "#0"},
				"up": {"uv": [5, 13, 4.5, 13.5], "rotation": 180, "texture": "#0"},
				"down": {"uv": [4.5, 13, 5, 13.5], "texture": "#0"}
			}
		},
		{
			"name": "elven_sword_43",
			"from": [6, 2, 7.75],
			"to": [6.5, 2.5, 8.25],
			"rotation": {"angle": 0, "axis": "x", "origin": [8, 7.5, 15.75]},
			"faces": {
				"north": {"uv": [6, 13.5, 6.5, 13], "rotation": 180, "texture": "#0"},
				"east": {"uv": [6, 13, 6.5, 13.5], "texture": "#0"},
				"south": {"uv": [6, 13, 6.5, 13.5], "texture": "#0"},
				"west": {"uv": [6, 13, 6.5, 13.5], "texture": "#0"},
				"up": {"uv": [6.5, 13, 6, 13.5], "rotation": 180, "texture": "#0"},
				"down": {"uv": [6, 13, 6.5, 13.5], "texture": "#0"}
			}
		},
		{
			"name": "elven_sword_44",
			"from": [1, 0, 7.75],
			"to": [1.5, 2, 8.25],
			"rotation": {"angle": 0, "axis": "x", "origin": [8, 7.5, 15.75]},
			"faces": {
				"north": {"uv": [1, 15.5, 1.5, 13.5], "rotation": 180, "texture": "#0"},
				"east": {"uv": [1, 13.5, 1.5, 15.5], "texture": "#0"},
				"south": {"uv": [1, 13.5, 1.5, 15.5], "texture": "#0"},
				"west": {"uv": [1, 13.5, 1.5, 15.5], "texture": "#0"},
				"up": {"uv": [1.5, 13.5, 1, 14], "rotation": 180, "texture": "#0"},
				"down": {"uv": [1, 15, 1.5, 15.5], "texture": "#0"}
			}
		},
		{
			"name": "elven_sword_45",
			"from": [2, 0.5, 7.75],
			"to": [2.5, 2, 8.25],
			"rotation": {"angle": 0, "axis": "x", "origin": [8, 7.5, 15.75]},
			"faces": {
				"north": {"uv": [2, 15, 2.5, 13.5], "rotation": 180, "texture": "#0"},
				"east": {"uv": [2, 13.5, 2.5, 15], "texture": "#0"},
				"south": {"uv": [2, 13.5, 2.5, 15], "texture": "#0"},
				"west": {"uv": [2, 13.5, 2.5, 15], "texture": "#0"},
				"up": {"uv": [2.5, 13.5, 2, 14], "rotation": 180, "texture": "#0"},
				"down": {"uv": [2, 14.5, 2.5, 15], "texture": "#0"}
			}
		},
		{
			"name": "elven_sword_46",
			"from": [1.5, 0, 7.75],
			"to": [2, 1.5, 8.25],
			"rotation": {"angle": 0, "axis": "x", "origin": [8, 7.5, 15.75]},
			"faces": {
				"north": {"uv": [1.5, 15.5, 2, 14], "rotation": 180, "texture": "#0"},
				"east": {"uv": [1.5, 14, 2, 15.5], "texture": "#0"},
				"south": {"uv": [1.5, 14, 2, 15.5], "texture": "#0"},
				"west": {"uv": [1.5, 14, 2, 15.5], "texture": "#0"},
				"up": {"uv": [2, 14, 1.5, 14.5], "rotation": 180, "texture": "#0"},
				"down": {"uv": [1.5, 15, 2, 15.5], "texture": "#0"}
			}
		},
		{
			"name": "elven_sword_47",
			"from": [0.5, 0.5, 7.75],
			"to": [1, 1, 8.25],
			"rotation": {"angle": 0, "axis": "x", "origin": [8, 7.5, 15.75]},
			"faces": {
				"north": {"uv": [0.5, 15, 1, 14.5], "rotation": 180, "texture": "#0"},
				"east": {"uv": [0.5, 14.5, 1, 15], "texture": "#0"},
				"south": {"uv": [0.5, 14.5, 1, 15], "texture": "#0"},
				"west": {"uv": [0.5, 14.5, 1, 15], "texture": "#0"},
				"up": {"uv": [1, 14.5, 0.5, 15], "rotation": 180, "texture": "#0"},
				"down": {"uv": [0.5, 14.5, 1, 15], "texture": "#0"}
			}
		}
	],
	"gui_light": "front",
	"display": {
		"thirdperson_righthand": {
			"rotation": [0, 90, 55],
			"translation": [0, 8.75, 4.25],
			"scale": [2, 2, 2]
		},
		"thirdperson_lefthand": {
			"rotation": [0, -90, -55],
			"translation": [0, 8.5, 4],
			"scale": [2, 2, 2]
		},
		"firstperson_righthand": {
			"rotation": [30, 90, 0],
			"translation": [2, 6, -1],
			"scale": [2, 2, 2]
		},
		"firstperson_lefthand": {
			"rotation": [110, -90, 90],
			"translation": [2, 6, -1],
			"scale": [2, 2, 2]
		},
		"ground": {
			"translation": [0, 9, 0],
			"scale": [1.2, 1.2, 1.2]
		},
		"gui": {
			"translation": [2.75, 3.75, 0],
			"scale": [1.5, 1.5, 1.5]
		},
		"fixed": {
			"translation": [2.5, 4.75, 0],
			"scale": [2, 2, 2]
		}
	},
	"groups": [
		{
			"name": "elven_sword",
			"origin": [8, 8, 8],
			"children": [0, 1, 2, 3, 4, 5, 6, 7, 8, 9, 10, 11, 12, 13, 14, 15, 16, 17, 18, 19, 20, 21, 22, 23, 24, 25, 26, 27, 28, 29, 30, 31, 32, 33, 34, 35, 36, 37, 38, 39, 40, 41, 42, 43, 44, 45, 46, 47]
		}
	]
}