{
	"display": {
		"icon": {
			"id": "minecraft:nether_star"
		},
		"title": "Thunder Shrine      ",
		"description": [
			"",
			{
				"text": "A shrine that allows you to create a thunder storm when offering a Nether Star.\n",
				"color": "gold"
			},
			{
				"text": "Enter",
				"color": "green"
			},
			{
				"text": " ",
				"color": "gold"
			},
			{
				"text": "/trigger ts_help",
				"color": "yellow"
			},
			{
				"text": " for details.",
				"color": "gold"
			}
		],
		"show_toast": false,
		"announce_to_chat": false
	},
	"parent": "vanillatweaks:root",
	"criteria": {
		"tick": {
			"trigger": "minecraft:tick"
		}
	}
}