{
    "axiom.editorui.mainmenu.operations.fill_category": "Vyplnit",
    "axiom.buildertool.clone": "Klonovat",
    "axiom.buildertool.first_point": "Počáteční bod",
    "axiom.editorui.crosshair": "Křížek",
    "axiom.editorui.hold_for_more_options": "Podrž %s pro více možností",
    "axiom.editorui.mainmenu.create": "Vytvořit",
    "axiom.editorui.mainmenu.create.cone": "Kužel...",
    "axiom.editorui.mainmenu.create.cuboid": "Krychle...",
    "axiom.editorui.mainmenu.create.cylinder": "Válec...",
    "axiom.editorui.mainmenu.edit": "Upravit",
    "axiom.editorui.mainmenu.edit.copy": "Kopírovat",
    "axiom.editorui.mainmenu.help": "Nápověda",
    "axiom.editorui.mainmenu.operations.analyze": "Analyzovat...",
    "axiom.editorui.mainmenu.operations.drain": "Vysušit",
    "axiom.editorui.mainmenu.operations.fill": "Vyplnit...",
    "axiom.editorui.mainmenu.operations.fill_bottom": "Vyplnit spodek...",
    "axiom.editorui.mainmenu.operations.fill_nearest": "Vyplnit nejbližší",
    "axiom.editorui.mainmenu.operations.fill_outline": "Vyplnit obrys...",
    "axiom.editorui.mainmenu.operations.fill_top": "Vyplnit vršek...",
    "axiom.editorui.window.active_block": "Aktivní blok",
    "axiom.editorui.window.blueprint_browser.add_folder": "Vytvořit složku",
    "axiom.editorui.window.tool_masks.mask_above": "Nad",
    "axiom.tool.roughen.mode_add": "Přidávání",
    "axiom.tool.selection.add": "Přidávat",
    "axiom.tool.ruler.add_point": "Přidat bod",
    "axiom.widget.add_blueprint_tag": "Přidat štítek",
    "gamerule.axiomDoBlockDrops": "(Axiom) Z bloků vypadávají předměty",
    "gamerule.axiomDoBlockGravity": "(Axiom) Bloky podléhají gravitaci",
    "gamerule.axiomDoTrampleFarmland": "(Axiom) Pošlapávat ornou půdu",
    "gamerule.axiomPlayerInvulnerability": "(Axiom) Nezranitelnost hráče",
    "axiom.editorui.window.clipboard.copy_hint": "%s pro zkopírování výběru do schránky",
    "axiom.tool.rock.smoothing_stddev.description": "0 = bez vyhlazování\n2 = normální vyhlazování (~4 bloky)\n5 = velmi silné vyhlazování (~10 bloků)",
    "axiom.tool.shatter.axis_3d": "3D",
    "axiom.tool.noise_painter.3d_mode": "3D Režim",
    "axiom.buildertool.cancel": "Zrušit",
    "axiom.buildertool.confirm": "Potvrdit",
    "axiom.editorui.mainmenu.edit.cut": "Vyjmout",
    "axiom.buildertool.move": "Přesunout",
    "axiom.editorui.left_mouse_short": "Levé tlačítko",
    "axiom.editorui.mainmenu.help.keybinds": "Klávesové zkratky...",
    "axiom.editorui.mainmenu.operations": "Operace",
    "axiom.editorui.mainmenu.operations.gravity": "Gravitace",
    "axiom.editorui.mainmenu.select.bounding_box": "Krychlové ohraničení",
    "axiom.editorui.mainmenu.select.clear": "Vymazat",
    "axiom.editorui.mainmenu.select.distort": "Deformovat...",
    "axiom.editorui.mainmenu.select.expand": "Rozšířit...",
    "axiom.editorui.mainmenu.select.mask": "Podle bloku...",
    "axiom.editorui.mainmenu.operations.fill_walls": "Vyplnit zdi...",
    "axiom.editorui.mainmenu.toolmasks.clear": "Vymazat",
    "axiom.editorui.mainmenu.toolmasks.edit": "Upravit",
    "axiom.editorui.mainmenu.view.liquid_opacity": "Průhlednost kapalin",
    "axiom.editorui.mainmenu.view.min_brightness": "Minimální jas",
    "axiom.editorui.middle_mouse_short": "Stisk tlačítka",
    "axiom.editorui.pin_location": "Připnout umístění",
    "axiom.editorui.pin_world": "Připnout svět",
    "axiom.editorui.view.create_new": "Nový pohled",
    "axiom.editorui.view.main_name": "Hlavní",
    "axiom.editorui.view.new_view_name": "Nový pohled",
    "axiom.editorui.window.analyze": "Analýza",
    "axiom.editorui.window.analyze.block_count": "Počet",
    "axiom.editorui.window.analyze.block_distribution": "Distribuce",
    "axiom.editorui.window.analyze.block_type": "Blok",
    "axiom.editorui.window.analyze.clear_information": "Vymazat",
    "axiom.editorui.window.analyze.do_analyze": "Analyzovat",
    "axiom.editorui.window.blueprint_browser": "Prohlížeč plánků",
    "axiom.editorui.window.blueprint_browser.automatically_refresh": "Obnovovat automaticky",
    "axiom.editorui.window.blueprint_browser.edit_blueprint": "Upravit plánek",
    "axiom.editorui.window.blueprint_browser.new_folder": "Nová složka",
    "axiom.editorui.window.blueprint_browser.new_folder_i": "Nová složka (%s)",
    "axiom.editorui.window.blueprint_browser.sort_by.ascending": "Vzestupně",
    "axiom.buildertool.smear": "Rozmáznout",
    "axiom.buildertool.smear.scroll": "Roluj pro rozmazání",
    "axiom.buildertool.stack": "Skládat",
    "axiom.buildertool.stack.scroll": "Roluj pro skládání",
    "axiom.editorui.mainmenu.create.pyramid": "Pyramida...",
    "axiom.editorui.mainmenu.create.sphere": "Koule...",
    "axiom.editorui.window.create_shape.hollow": "Dutý",
    "axiom.buildertool.clone.scroll": "Roluj pro klonování",
    "axiom.buildertool.move.scroll": "Roluj pro posun",
    "axiom.buildertool.second_point": "Koncový bod",
    "axiom.editorui.mainmenu.edit.redo": "Znovu",
    "axiom.editorui.mainmenu.edit.redo_named": "Znovu %s",
    "axiom.editorui.mainmenu.edit.save_blueprint": "Uložit jako plánek",
    "axiom.editorui.mainmenu.operations.replace": "Zaměnit...",
    "axiom.editorui.mainmenu.operations.set_biome": "Nastavit biom...",
    "axiom.editorui.mainmenu.operations.simulation_category": "Simulovat",
    "axiom.editorui.mainmenu.select": "Výběr",
    "axiom.editorui.mainmenu.select.shrink": "Zmenšit...",
    "axiom.editorui.mainmenu.select.smooth": "Vyhladit...",
    "axiom.editorui.mainmenu.view.show_biomes": "Ukázat biomy",
    "axiom.editorui.mainmenu.view.show_key_presses": "Ukázat stisky tlačítek",
    "axiom.editorui.mainmenu.view.show_selection": "Ukázat výběr",
    "axiom.editorui.window.blueprint_browser.sort_by.block_count": "Počet bloků",
    "axiom.editorui.window.blueprint_browser.sort_by.name": "Název",
    "axiom.editorui.window.clipboard": "Schránka",
    "axiom.editorui.window.clipboard.clear": "Vymazat",
    "axiom.editorui.window.clipboard.empty": "Prázdný",
    "axiom.editorui.window.create_blueprint": "Vytvoření plánku",
    "axiom.editorui.window.clipboard.placement_options.keep_existing": "Ponechat existující",
    "axiom.editorui.window.clipboard.placement_options.paste_air": "Vložit se vzduchem",
    "axiom.editorui.window.create_blueprint.angle": "Úhel",
    "axiom.editorui.window.create_blueprint.author": "Autor",
    "axiom.editorui.window.create_blueprint.bp_filter_description": "Soubory plánků",
    "axiom.editorui.window.create_blueprint.name": "Název",
    "axiom.editorui.window.create_shape": "Vytvoření tvaru",
    "axiom.editorui.window.create_shape.cone": "Kužel",
    "axiom.editorui.window.create_shape.copied": "Zkopírováno!",
    "axiom.editorui.window.create_shape.copy_to_clipboard": "Zkopírovat do schránky",
    "axiom.editorui.window.create_shape.cuboid": "Kvádr",
    "axiom.editorui.window.create_shape.cylinder": "Válec",
    "axiom.editorui.window.create_shape.pitch": "Sklon",
    "axiom.editorui.window.distort_selection": "Deformovat výběr",
    "axiom.editorui.window.distort_selection.distance": "Vzdálenost",
    "axiom.editorui.window.distort_selection.do_distort": "Deformovat",
    "axiom.editorui.window.distort_selection.noise_radius": "Velikost šumu",
    "axiom.editorui.window.expand_selection": "Rozšíření výběru",
    "axiom.editorui.window.expand_selection.do_expand": "Rozšířit",
    "axiom.editorui.window.fill": "Vyplnění",
    "axiom.editorui.window.fill.all": "Všechno",
    "axiom.editorui.window.fill.bottom": "Spodek",
    "axiom.editorui.window.fill.inside": "Vnitřek",
    "axiom.editorui.window.fill.outline": "Obrys",
    "axiom.editorui.window.history": "Historie změn",
    "axiom.editorui.window.history.no_history": "Žádná historie",
    "axiom.editorui.window.keybinds": "Klávesové zkratky",
    "axiom.editorui.window.mask_selection": "Výběr podle bloku",
    "axiom.editorui.window.mask_selection.mask": "Maskovat",
    "axiom.editorui.window.palette": "Paleta",
    "axiom.editorui.window.palette.add_block_to": "Přidání bloku do %s",
    "axiom.editorui.window.palette.after": "Za %s",
    "axiom.editorui.window.palette.before": "Před %s",
    "axiom.editorui.window.palette.child_of": "Podpaleta %s",
    "axiom.editorui.window.palette.custom": "Vlastní",
    "axiom.editorui.window.target_info.no_target": "Žádný cíl",
    "axiom.editorui.window.tool_masks.logic": "Logika",
    "axiom.editorui.window.tool_masks.mask_all": "Všechny",
    "axiom.editorui.window.tool_masks.mask_angle": "Úhel",
    "axiom.editorui.window.tool_masks.mask_below": "Pod",
    "axiom.editorui.window.tool_masks.mask_block": "Blok",
    "axiom.editorui.window.tool_masks.mask_inselection": "Ve výběru",
    "axiom.editorui.window.tool_masks.mask_near": "Blízko",
    "axiom.editorui.window.tool_masks.mask_not": "ŽÁDNÉ",
    "axiom.editorui.window.tool_masks.masks": "Podmínky",
    "axiom.editorui.window.tool_options.no_active_tool": "Žádný vybraný nástroj",
    "axiom.editorui.window.expand_selection.expand_selection_by": "Rozšířit výběr o",
    "axiom.editorui.window.palette.are_you_sure_delete": "Chcete opravdu vymazat '%s'?",
    "axiom.editorui.window.set_biome.fill_vertically": "Vyplnit vertikálně",
    "axiom.editorui.window.tool_masks.mask_neighbor": "Sousedící s",
    "axiom.editorui.right_mouse_short": "Pravé tlačítko",
    "axiom.editorui.window.blueprint_browser.sort_by": "Seřadit podle",
    "axiom.editorui.window.clipboard.placement_options": "Možnosti umístění",
    "axiom.editorui.window.create_blueprint.save": "Uložit",
    "axiom.editorui.window.create_shape.do_place": "Vložit",
    "axiom.editorui.window.create_shape.pyramid": "Pyramida",
    "axiom.editorui.window.create_shape.radius": "Poloměr",
    "axiom.editorui.window.create_shape.roll": "Náklon",
    "axiom.editorui.window.create_shape.separate_xyz": "Vlastní XYZ",
    "axiom.editorui.window.create_shape.separate_xz": "Vlastní XZ",
    "axiom.editorui.window.create_shape.shape": "Tvar",
    "axiom.editorui.window.create_shape.sphere": "Koule",
    "axiom.editorui.window.palette.recently_used": "Naposledy použité",
    "axiom.editorui.window.palette.remove_block": "Odstranit blok",
    "axiom.editorui.window.replace": "Zaměnění",
    "axiom.editorui.window.replace.do_replace": "Zaměnit",
    "axiom.editorui.window.set_biome": "Nastavení biomu",
    "axiom.editorui.window.set_biome.do_set_biome": "Nastavit biom",
    "axiom.editorui.window.shrink_selection": "Zmenšení výběru",
    "axiom.editorui.window.shrink_selection.do_shrink": "Zmenšit",
    "axiom.editorui.window.smooth_selection": "Vyhlazení výběru",
    "axiom.editorui.window.smooth_selection.do_smooth": "Vyhladit",
    "axiom.editorui.window.smooth_selection.stddev": "Směrodatná odchylka",
    "axiom.editorui.window.smooth_selection.threshold": "Práh",
    "axiom.editorui.window.target_info": "Informace o cíli",
    "axiom.editorui.window.tool_masks.mask_any": "Jakékoliv",
    "axiom.editorui.window.world_properties.block_drops": "Vypadávání bloků",
    "axiom.editorui.window.world_properties.block_gravity": "Gravitace bloků",
    "axiom.editorui.window.world_properties.blocks": "Bloky",
    "axiom.editorui.window.world_properties.day": "Den",
    "axiom.editorui.window.world_properties.fire_tick": "Šíření ohně",
    "axiom.editorui.window.world_properties.freeze_time": "Zastavit čas",
    "axiom.editorui.window.world_properties.midnight": "Půlnoc",
    "axiom.editorui.window.world_properties.mob_spawning": "Výskyt stvoření",
    "axiom.editorui.window.world_properties.night": "Noc",
    "axiom.editorui.window.world_properties.noon": "Poledne",
    "axiom.editorui.window.world_properties.player": "Hráč",
    "axiom.editorui.window.world_properties.player_invulnerability": "Nezranitelnost hráče",
    "axiom.editorui.window.world_properties.random_tick_speed": "Frekvence náhodných tiků",
    "axiom.editorui.window.world_properties.time": "Čas",
    "axiom.keybind": "Axiom",
    "axiom.history_description.biome_painted": "Biomem namalováno %s bloků",
    "axiom.history_description.cloned": "Naklonováno %s bloků",
    "axiom.history_description.cut": "Vyjmuto %s bloků",
    "axiom.history_description.deleted": "Smazáno %s bloků",
    "axiom.keybind.builder_tool_slot": "Lišta – pozice stavitelského nástroje",
    "axiom.keybind.context": "Kontextová nabídka",
    "axiom.keybind.orbit_camera": "Rotační kamera",
    "axiom.keybinds.quick_replace.replace_from": "Zaměnit (co)",
    "axiom.keybinds.show_selection": "Ukázat výběr",
    "axiom.tool.clentaminator.allow_tall_grass": "Použít vysokou trávu",
    "axiom.tool.distort.separate_axis": "Vlastní osy",
    "axiom.tool.elevation.raise_lower_mode": "Režim",
    "axiom.keybinds.copy": "Kopírovat",
    "axiom.keybinds.cut": "Vyjmout",
    "axiom.keybinds.flip_placement": "Převrátit umístění",
    "axiom.keybinds.move_backward": "Chůze pozpátku",
    "axiom.keybinds.move_down": "Snést se",
    "axiom.keybinds.move_forward": "Chůze dopředu",
    "axiom.keybinds.move_left": "Úkrok vlevo",
    "axiom.keybinds.move_quick": "Běh",
    "axiom.keybinds.move_right": "Úkrok vpravo",
    "axiom.keybinds.move_up": "Vznést se",
    "axiom.keybinds.pan_camera": "Posun kamery",
    "axiom.keybinds.paste": "Vložit",
    "axiom.keybinds.pick_block": "Vybrat blok",
    "axiom.keybinds.quick_fill": "Rychlé vyplnění",
    "axiom.keybinds.quick_fill.fill_with": "Vyplnit s...",
    "axiom.keybind.toggle_bulldozer_cap": "Přepnout režim buldozeru",
    "axiom.keybind.toggle_editor_ui": "Přepnout režim editoru",
    "axiom.keybind_capabilities": "Axiom (Schopnosti)",
    "axiom.keybind_categories.basic": "Základní",
    "axiom.keybind_categories.edit": "Upravit",
    "axiom.keybind_categories.movement": "Pohyb",
    "axiom.keybind_categories.operations": "Operace",
    "axiom.keybind_categories.placement": "Umístění",
    "axiom.keybind_options.invert_camera_rotate": "Invertovat otáčení kamery",
    "axiom.keybinds.arcball_camera": "Rotační kamera",
    "axiom.keybinds.quick_replace": "Rychlé zaměnění",
    "axiom.keybinds.quick_replace.replace_to": "Zaměnit (za)",
    "axiom.keybinds.redo": "Znovu",
    "axiom.keybinds.rotate_camera": "Otočit kameru",
    "axiom.keybinds.rotate_placement": "Otočit umístění",
    "axiom.keybinds.save_blueprint": "Uložit plánek",
    "axiom.keybinds.show_biomes": "Ukázat biomy",
    "axiom.keymod.shift": "Shift",
    "axiom.keymod.super": "Super",
    "axiom.tool.biome_painter": "Malování s biomy",
    "axiom.tool.biome_painter.fill_vertically": "Vyplnit vertikálně",
    "axiom.tool.box_select": "Krychlový výběr",
    "axiom.tool.box_select.position": "Pozice",
    "axiom.tool.box_select.shrink": "Zmenšit",
    "axiom.tool.box_select.size": "Velikost",
    "axiom.tool.clentaminator": "Zneočišťovač",
    "axiom.tool.clentaminator.clear": "Vymazat",
    "axiom.tool.clentaminator.decorations": "Dekorace",
    "axiom.tool.clentaminator.fertile_ocean_floor": "Úrodné dno oceánu",
    "axiom.tool.clentaminator.grass": "Tráva",
    "axiom.tool.clentaminator.grassiness": "Travnatost",
    "axiom.tool.clentaminator.gravel_ground": "Štěrkové podloží",
    "axiom.tool.clentaminator.sand": "Písek",
    "axiom.tool.clentaminator.stone": "Kámen",
    "axiom.tool.clentaminator.terrain": "Terén",
    "axiom.tool.distort": "Zkreslení",
    "axiom.tool.distort.distance": "Vzdálenost",
    "axiom.tool.distort.iterations": "Iterace",
    "axiom.tool.distort.scale": "Měřítko",
    "axiom.tool.distort.smooth_edges": "Zaoblené rohy",
    "axiom.tool.elevation": "Elevace",
    "axiom.tool.elevation.raise": "Zvyšovací",
    "axiom.tool.elevation.lower": "Snižovací",
    "axiom.tool.flatten.lock_y": "Uzamknout osu Y",
    "axiom.tool.generic.live_preview": "Živý náhled",
    "axiom.tool.magic_select.compare_any": "Cokoliv",
    "axiom.tool.noise_painter.cumulative_distribution": "Distribuční funkce",
    "axiom.tool.extrude": "Vytlačení",
    "axiom.tool.extrude.displace_expand_description": "Posune povrchy tlusté 1 blok místo klonování",
    "axiom.tool.extrude.displace_shrink_description": "Posune povrchy tlusté 1 blok místo mazání",
    "axiom.tool.extrude.mode": "Režim",
    "axiom.tool.extrude.mode.expand": "Rozšířit",
    "axiom.tool.extrude.mode.shrink": "Zmenšit",
    "axiom.tool.flatten": "Zploštění",
    "axiom.tool.flatten.locked_at": "Uzamknuto na: %s",
    "axiom.tool.flatten.right_click_to_lock": "Pravé tlačítko pro zamknutí",
    "axiom.tool.freehand_draw": "Volné kreslení",
    "axiom.tool.freehand_select": "Volný výběr",
    "axiom.tool.generic.brush": "Štětec",
    "axiom.tool.generic.brush_radius": "Poloměr",
    "axiom.tool.generic.brush_shape": "Tvar",
    "axiom.tool.generic.limit": "Limit",
    "axiom.tool.generic.noise": "Šum",
    "axiom.tool.generic.noise_seed": "Semínko",
    "axiom.tool.generic.noise_seed_do_randomize": "Náhodné semínko",
    "axiom.tool.generic.reset_to_default": "Obnovit výchozí nastavení",
    "axiom.tool.generic.smoothing_options": "Vyhlazení",
    "axiom.tool.generic.surface_only": "Pouze povrch",
    "axiom.tool.heightmap.height": "Výška",
    "axiom.tool.heightmap.sharpness": "Ostrost",
    "axiom.tool.magic_select": "Kouzelná hůlka",
    "axiom.tool.magic_select.compare_block": "Blok",
    "axiom.tool.magic_select.compare_blockstate": "Vlastnosti bloku",
    "axiom.tool.magic_select.compare_solid": "Pevné bloky",
    "axiom.tool.magic_select.range": "Rozsah",
    "axiom.tool.melt": "Tavení",
    "axiom.tool.noise_painter": "Malování šumem",
    "axiom.tool.noise_painter.block_mode_count": "Poměr bloků",
    "axiom.tool.noise_painter.block_mode_threshold": "Práh",
    "axiom.tool.noise_painter.blocks": "Bloky",
    "axiom.tool.noise_painter.gain": "Zesílení",
    "axiom.tool.noise_painter.jitter": "Jitter",
    "axiom.tool.noise_painter.lacunarity": "Lakunarita",
    "axiom.tool.noise_painter.metaball_noise": "Metaball",
    "axiom.tool.noise_painter.metaball_range": "Rozsah",
    "axiom.tool.noise_painter.noise_preview": "Náhled šumu",
    "axiom.tool.noise_painter.octaves": "Oktávy",
    "axiom.tool.noise_painter.probability_density": "Hustota rozdělení pravděpodobnosti",
    "axiom.tool.noise_painter.scale": "Měřítko",
    "axiom.tool.noise_painter.simplex_noise": "Simplex",
    "axiom.tool.painter": "Malířský štětec",
    "axiom.tool.rock": "Kreslení kamenů",
    "axiom.tool.rock.meld_strength": "Síla míchání",
    "axiom.tool.rock.noise_field_seed": "Semínko šumu",
    "axiom.tool.rock.noise_field_seed.hint": "Náhodné",
    "axiom.tool.rock.noise_radius": "Velikost šumu",
    "axiom.tool.rock.noisiness": "Šumivost",
    "axiom.tool.rock.smoothing_stddev": "Směrodatná odchylka vyhlazení",
    "axiom.tool.roughen": "Zdrsnění",
    "axiom.tool.roughen.mode_remove": "Odebrat",
    "axiom.tool.roughen.ratio": "Poměr",
    "axiom.tool.ruler": "Pravítko",
    "axiom.tool.ruler.bounding_size": "Velikost ohraničení = %s, %s, %s",
    "axiom.tool.ruler.information": "Informace",
    "axiom.tool.ruler.maximum": "Maximum = %s, %s, %s",
    "axiom.tool.ruler.minimum": "Minimum = %s, %s, %s",
    "axiom.tool.ruler.no_information": "N/A",
    "axiom.tool.ruler.pitch": "Sklon = %s",
    "axiom.tool.ruler.point_i": "Bod %s",
    "axiom.tool.ruler.points": "Body",
    "axiom.tool.ruler.remove_point_i": "Vymazat bod %s",
    "axiom.tool.sculpt_draw": "Tesání",
    "axiom.tool.sculpt_draw.denoise": "Vymazat šum",
    "axiom.tool.sculpt_draw.invert": "Invertovat",
    "axiom.tool.selection.mode": "Režim",
    "axiom.tool.sculpt_draw.mask_y": "Maskovat osu Y",
    "axiom.tool.sculpt_draw.strength": "Síla",
    "axiom.tool.selection": "Výběr",
    "axiom.tool.selection.intersect": "Průnik",
    "axiom.tool.selection.replace": "Zaměnění",
    "axiom.tool.selection.subtract": "Odečtení",
    "axiom.tool.shape.cube": "Krychle",
    "axiom.tool.shape.octahedron": "Osmistěn",
    "axiom.tool.shape.sphere": "Koule",
    "axiom.tool.shatter": "Tříštění",
    "axiom.tool.shatter.axis": "Osa",
    "axiom.tool.shatter.scale": "Měřítko",
    "axiom.tool.slope": "Svah",
    "axiom.tool.slope.mode": "Režim",
    "axiom.tool.slope.mode_cone": "Kuželovitý",
    "axiom.tool.slope.mode_plane": "Rovinný",
    "axiom.tool.slope.tutorial1": "Klikni poprvé pro nastavení cílové pozice",
    "axiom.tool.slope.tutorial2": "Táhní odjinud pro kreslení svahu",
    "axiom.editorui.mainmenu.edit.undo_named": "Zpět %s",
    "axiom.editorui.mainmenu.edit.undo": "Zpět",
    "axiom.editorui.mainmenu.operations.waterlog": "Zatopit",
    "axiom.editorui.mainmenu.toolmasks": "Masky nástrojů",
    "axiom.editorui.mainmenu.view": "Zobrazení",
    "axiom.editorui.mainmenu.window": "Okno",
    "axiom.editorui.mainmenu.window.windows": "Okna",
    "axiom.editorui.window.block_distribution_total": "Celkem",
    "axiom.editorui.window.create_shape.width": "Šířka",
    "axiom.editorui.window.create_shape.yaw": "Otočení",
    "axiom.editorui.window.fill.top": "Vršek",
    "axiom.editorui.window.fill.walls": "Zdi",
    "axiom.editorui.window.keybinds.unbind": "Odebrat",
    "axiom.editorui.window.tool_masks.mask_y": "Y",
    "axiom.editorui.window.tool_options": "Možnosti nástroje",
    "axiom.editorui.window.tool_masks": "Masky nástrojů",
    "axiom.editorui.window.tools": "Nástroje",
    "axiom.editorui.window.world_properties": "Vlastnosti světa",
    "axiom.editorui.window.world_properties.trample_farmland": "Pošlapávat ornou půdu",
    "axiom.keybind.toggle_enhanced_flight_cap": "Přepnout režim vylepšeného létání",
    "axiom.keybind.toggle_force_place_cap": "Přepnout režim vynuceného pokládání",
    "axiom.keybind.toggle_no_updates_cap": "Přepnout režim bez obnov bloků",
    "axiom.keybind.toggle_replace_mode_cap": "Přepnout režim nahrazování",
    "axiom.keybind.toggle_tinker_cap": "Přepnout režim šťourání",
    "axiom.keybind_categories.view": "Zobrazení",
    "axiom.keybinds.undo": "Zpět",
    "axiom.keybind_options.use_vanilla_movement": "Používat výhozí nastavení pro pohyb",
    "axiom.keybinds.use_tool": "Použít nástroj",
    "axiom.tool.biome_painter.visualize_biomes": "Vizualizovat biomy",
    "axiom.tool.flatten.unlock_y": "Odemknout osu Y",
    "axiom.tool.clentaminator.dirt_ground": "Hliněná země",
    "axiom.tool.generic.mask_surface": "Maskovat pouze povrch",
    "axiom.tool.noise_painter.voronoi_edges": "Voroného diagram",
    "axiom.tool.noise_painter.white_noise": "Bílý šum",
    "axiom.tool.noise_painter.worley_noise": "Worleyho šum",
    "axiom.tool.roughen.min_faces": "Minimální počet stěn",
    "axiom.tool.ruler.total_length_euclidean": "Celková délka (Eukleidovská) = %s",
    "axiom.tool.ruler.total_length_manhattan": "Celková délka (Manhattanská) = %s",
    "axiom.tool.ruler.yaw": "Otočení = %s",
    "axiom.tool.shatter.axis_x": "X",
    "axiom.tool.shatter.axis_y": "Y",
    "axiom.tool.shatter.axis_z": "Z",
    "axiom.tool.shatter.use_active_block": "Použít aktivní blok",
    "axiom.tool.shatter.width": "Šířka",
    "axiom.tool.smooth": "Uhlazení",
    "axiom.tool.smooth.block_ratio": "Poměr bloků",
    "axiom.tool.smooth.fix_edges": "Opravit okraje",
    "axiom.tool.smooth.mode_grow": "Rostoucí",
    "axiom.tool.smooth.mode_melt": "Tavící",
    "axiom.tool.smooth.mode_stable": "Stabilní",
    "axiom.tool.smooth.modifiers": "Modifikátory",
    "axiom.tool.smooth.strength": "Síla",
    "axiom.tool.text": "Text",
    "axiom.tool.text.text_input": "Text",
    "axiom.tool.text.text_size": "Velikost",
    "axiom.tool.weld": "Sváření",
    "axiom.tool.weld.strength": "Síla",
    "axiom.tool.weld.threshold": "Práh",
    "axiom.widget.any_block_property": "Cokoliv",
    "axiom.widget.block_properties": "Vlastnosti",
    "axiom.widget.block_tags": "Tagy",
    "axiom.widget.blueprint_tags": "Štítky",
    "axiom.widget.false_block_property": "Nepravda",
    "axiom.widget.from_block": "Co",
    "axiom.widget.remove_blueprint_tag": "Odebrat",
    "axiom.widget.search_block": "Vyhledávání",
    "axiom.widget.select_block": "Vybrání bloku",
    "axiom.widget.to_block": "Za",
    "axiom.widget.true_block_property": "Pravda",
    "axiom.widget.use_blueprint_tag": "Použít štítek",
    "axiom.editorui.window.active_block.edit_properties_below": "*Upravte vlastnosti níže",
    "axiom.editorui.window.palette.add_new_block": "Přidat nový blok",
    "axiom.editorui.window.palette.add_new_category": "Přidat novou kategorii",
    "axiom.editorui.window.create_shape.advanced": "Pokročilé",
    "axiom.keymod.alt": "Alt",
    "axiom.tool.generic.advanced_options": "Pokročilé",
    "axiom.tool.rock.preview_disabled": "Automaticky vypnuto pro poloměr větší než %s",
    "axiom.tutorial.history": "Axiom ukládá vaše změny, takže můžete vracet a opakovat, toto okno je obsahuje (Tip: levým tlačítkem vracíte historii, pravým tlačítkem se kouknete na změnu)",
    "axiom.capability.bulldozer.title": "Buldozer",
    "axiom.widget.error_biome_registry": "Registr biomů neexistuje!",
    "axiom.capability.force_place.description": "Obchází omezení pro pokládání bloků",
    "axiom.widget.cancel": "Zrušit",
    "axiom.editorui.window.blueprint_browser.close": "Zavřít",
    "axiom.keymod.mac_cmd": "Cmd",
    "axiom.tool.magic_select.compare_mode": "Porovnávání",
    "axiom.editorui.window.blueprint_browser.confirm": "Potvrdit",
    "axiom.widget.confirm": "Potvrdit",
    "axiom.editorui.window.blueprint_browser.delete": "Odstranit",
    "axiom.keymod.ctrl": "Ctrl",
    "axiom.widget.create_blueprint_tag": "Vytvořit štítek",
    "axiom.editorui.window.palette.delete": "Odstranit %s",
    "axiom.widget.delete": "Odstranit",
    "axiom.editorui.window.blueprint_browser.sort_by.descending": "Sestupně",
    "axiom.history_description.deselected": "Zrušení výběru %s bloků",
    "axiom.history_description.deselected_all": "Zrušení výběru všech bloků",
    "axiom.editorui.window.blueprint_browser.overflow_files_message": "Zjištěno velké množství změn v souborech",
    "axiom.editorui.window.blueprint_browser.file_missing_message2": "Přesunuli/odstranili jste ho pomocí %s?",
    "axiom.editorui.window.blueprint_browser.disable_auto_refresh": "Zakázat automatické obnovování",
    "axiom.tool.extrude.displace": "Nahradit",
    "axiom.editorui.window.target_info.distance": "Vzdálenost: %s",
    "axiom.history_description.distorted": "Deformováno %s bloků",
    "axiom.tool.distort.distance_x": "Vzdálenost X",
    "axiom.tool.distort.distance_y": "Vzdálenost Y",
    "axiom.tool.distort.distance_z": "Vzdálenost Z",
    "axiom.tool.distort.distortion": "Deformace",
    "axiom.history_description.drew": "Nakresleno %s bloků",
    "axiom.capability.airplane.title": "Vylepšené létání",
    "axiom.editorui.window.palette.invalid_name_duplicate": "Duplicitní název: %s již existuje",
    "axiom.history_description.elevation_tool": "Nástroj elevace (%s bloků)",
    "axiom.widget.error": "Chyba",
    "axiom.history_description.expanded": "Rozšířeno %s bloků",
    "axiom.editorui.window.blueprint_browser.move_file_already_exists": "Soubor '%s' už ve složce existuje",
    "axiom.history_description.extrude_tool": "Nástroj vytlačení (%s bloků)",
    "axiom.editorui.window.blueprint_browser.file_missing_message1": "Soubor '%s' již neexistuje!",
    "axiom.editorui.mainmenu.operations.fill_outline_description": "Vyplní obrys výběru blokem",
    "axiom.editorui.mainmenu.operations.fill_bottom_description": "Vyplní spodek výběru blokem",
    "axiom.editorui.mainmenu.operations.fill_walls_description": "Vyplní zdi výběru blokem",
    "axiom.editorui.mainmenu.operations.fill_description": "Vyplní výběr blokem",
    "axiom.editorui.mainmenu.operations.fill_top_description": "Vyplní vršek výběru blokem",
    "axiom.editorui.window.blueprint_browser.file_browser_osx": "Finder",
    "axiom.history_description.flatten_tool": "Nástroj zploštění (%s bloků)",
    "axiom.capability.force_place.title": "Vynucené pokládání",
    "axiom.tutorial.tool_options": "Zde najdete nastavení pro vybraný nástroj.",
    "axiom.capability.bulldozer.description": "Držte %s pro velmi rychlé ničení bloků",
    "axiom.tool.rock.noisiness.description": "Jak silně jsou bloky ovlivněny šumem\n0 = žádný šum, sférický\n1 = silný šum, kapky",
    "axiom.tool.rock.meld_strength.description": "Jak silně se nástroj míchá s půdou\nToto je ovlivněno parametrem 'Směrodatná odchylka vyhlazení'",
    "axiom.capability.airplane.description": "Přesnější létání - bez klouzání a pohyb je ve směru kamery",
    "axiom.editorui.window.blueprint_browser.move_file": "Přesunout",
    "axiom.editorui.window.palette.invalid_name_blank": "Neplatný název: nesmí být prázdný",
    "axiom.editorui.window.palette.invalid_name_contains_hash": "Neplatný název: nesmí obsahovat '#'",
    "axiom.history_description.melted": "Roztaveno %s bloků",
    "axiom.history_description.moved": "Přesunuto %s bloků",
    "axiom.capability.no_updates.title": "Zákaz obnovy bloků",
    "axiom.editorui.multiple_keybinds": "Vícero",
    "axiom.editorui.window.blueprint_browser.file_missing": "Takový soubor neexistuje!",
    "axiom.editorui.no_keybind": "Nenastaveno",
    "axiom.widget.ok": "Potvrdit",
    "axiom.editorui.window.blueprint_browser.overflow_files": "Přetečení!",
    "axiom.editorui.window.blueprint_browser.move_file_overwrite": "Přepsat",
    "axiom.history_description.painted": "Namalováno %s bloků",
    "axiom.history_description.placed_blueprint": "%s položeno",
    "axiom.history_description.placed": "Položeno %s bloků",
    "axiom.capability.no_updates.description": "Zabraňuje sousedním blokům obnovit se při položení/rozbití",
    "axiom.capability.replace_mode.title": "Režim nahrazování",
    "axiom.editorui.window.blueprint_browser.reload": "Načíst znovu",
    "axiom.editorui.window.blueprint_browser.rename_file": "Přejmenovat soubor",
    "axiom.editorui.window.palette.rename": "Přejmenovat %s",
    "axiom.editorui.window.target_info.position": "Relativní pozice: %s, %s, %s",
    "axiom.widget.rename": "Přejmenovat",
    "axiom.capability.replace_mode.description": "Klikněte pravým tlačítkem na bloky pro jejich nahrazení za držený blok",
    "axiom.editorui.mainmenu.operations.fill_nearest_description": "Nahradí bloky vzduchu jejiich nejbližšími jinými bloky",
    "axiom.editorui.window.clipboard.placement_options.rotate": "Otočit...",
    "axiom.history_description.rock_tool": "Kreslení kamenů (%s bloků)",
    "axiom.history_description.roughen_tool": "Nástroj zdrsnění (%s bloků)",
    "axiom.editorui.window.create_blueprint.save_blueprint": "Uložit plánek",
    "axiom.key.scroll_down": "Rolování dolů",
    "axiom.key.scroll_left": "Rolování doleva",
    "axiom.key.scroll_right": "Rolování doprava",
    "axiom.key.scroll_up": "Rolování nahoru",
    "axiom.history_description.sculpt_draw_tool": "Nástroj tesání (%s bloků)",
    "axiom.history_description.selected": "Vybráno %s bloků",
    "axiom.history_description.selected_additional": "Vybráno +%s bloků",
    "axiom.editorui.window.world_properties.unavailable_description": "Server nepodporuje úpravu vlastností světa",
    "axiom.history_description.set_n_blocks_to": "Nastaveno %s bloků na %s",
    "axiom.history_description.shatter": "Tříštěno %s bloků",
    "axiom.tool.box_select.shrink_description": "Obklopí výběr kolem bloků",
    "axiom.history_description.shrunk": "Zmenšeno %s bloků",
    "axiom.history_description.slope_tool": "Nástroj svahu (%s bloků)",
    "axiom.history_description.smeared": "Rozmazáno %s bloků",
    "axiom.history_description.smoothed": "Uhlazeno %s bloků",
    "axiom.history_description.stacked": "Poskládáno %s bloků",
    "axiom.tutorial.active_block": "Některé nástroje potřebují vybrat blok pro malbu nebo pokládání. Kliknutím na ikonu jej můžete změnit",
    "axiom.editorui.window.target_info.targeted_biome": "Zaměřený biom: %s",
    "axiom.history_description.text_tool": "Nástroj textu (%s bloků)",
    "axiom.editorui.window.target_info.targeted_block": "Zaměřený blok: %s",
    "axiom.editorui.window.keybinds.conflicts_with": "Tato zkratka je stejná jako:",
    "axiom.tutorial.tools_window": "Toto je panel nástrojů. Zde si můžete vybrat nástroje pro malování, terraformaci, provádění výběrů a další. (Nápověda: Kliknutím na toto okno pokračujte)",
    "axiom.editorui.window.palette.cannot_be_undone": "Tato operace je NEVRATNÁ",
    "axiom.tutorial.main_window": "Toto je hlavní okno. Vlevo dole najdete seznam akcí, které můžete provádět pomocí myši.",
    "axiom.editorui.window.palette.this_will_delete_children": "Toto také smaže všechny podpalety %s",
    "axiom.capability.tinker.title": "Šťourátko",
    "axiom.editorui.window.world_properties.unavailable": "Nedostupné",
    "axiom.editorui.window.blueprint_browser.unnamed_blueprint": "Nepojmenované",
    "axiom.capability.tinker.description": "Různé užitečné interakce při kliknutí pravým tlačítkem myši s prázdnou rukou",
    "axiom.history_description.welded": "Svářeno %s bloků",
    "axiom.keymod.win_super": "Win",
    "axiom.editorui.spectators_generate_chunks_warning": "Varování: Herní pravidlo spectatorsGenerateChunks je vypnuté, toto způsobí velké problémy s uživatelským rozhraním editoru. Zapněte ho tedy prosím",
    "axiom.editorui.window.blueprint_browser.file_browser_win": "Průzkumník souborů",
    "axiom.editorui.window.blueprint_browser.file_browser_other": "váš systémový prohlížeš souborů",
    "axiom.editorui.mainmenu.help.debug_info": "Ladící informace",
    "axiom.history_description.drained_n": "Vysušeno %s bloků",
    "axiom.editorui.window.fill.do_fill": "Vyplnit",
    "axiom.editorui.window.create_shape.height": "Výška",
    "axiom.editorui.window.debug_info": "Ladící informace",
    "axiom.editorui.mainmenu.help.reset_tutorial": "Obnovit tutoriál",
    "axiom.editorui.mainmenu.view.ui_scale": "Velikost rozhraní",
    "axiom.editorui.window.shrink_selection.shrink_selection_by": "Zmenšit výběr o",
    "axiom.history_description.waterlogged_n": "Zatopeno %s bloků",
    "axiom.editorui.window.clipboard.n_blocks": "%s bloků",
    "axiom.keybinds.crosshair_camera": "Křížek",
    "axiom.history_description.fill_nearest": "Vyplnit nejbližší (%s bloků)",
    "axiom.capability.infinite_reach.title": "Nekonečný dosah",
    "axiom.capability.infinite_reach.description": "Odstraňuje limit dosahu",
    "axiom.tool.selection.actions": "Akce",
    "axiom.tool.heightmap.amount": "Množství",
    "axiom.editorui.window.clipboard.paste_hint": "%s pro vložení ze schránky",
    "axiom.preset.delete": "Smazat '%s'",
    "axiom.editorui.window.world_properties.rain_weather": "Déšť",
    "axiom.tool.elevation.mode_flatten": "Zarovnat",
    "axiom.tool.elevation.mode_lower": "Snížit",
    "axiom.editorui.skip_update": "Přeskočit",
    "axiom.tool.path.width": "Šířka",
    "axiom.tool.shape.width": "Šířka",
    "axiom.preset.save": "Uložit",
    "axiom.editorui.mainmenu.file": "Soubor",
    "axiom.editorui.window.blueprint_browser.go_back": "Zpět",
    "axiom.tool.shape.pivot.center": "Střed",
    "axiom.editorui.window.world_properties.clear_weather": "Jasno",
    "axiom.editorui.window.history.clear": "Smazat",
    "axiom.tool.selection.clear_selection": "Smazat výběr (%s)",
    "axiom.tool.painter.paint_mode.clipboard": "Schránka",
    "axiom.tool.painter.clipboard_empty_warning": "Schránka je prázdná",
    "axiom.generic.close": "Zavřít",
    "axiom.editorui.window.style_editor.color": "Barva",
    "axiom.tool.slope.shape_cone": "Kužel",
    "axiom.tool.shape.cone": "Kužel",
    "axiom.tutorial.continue": "Pokračovat",
    "axiom.editorui.window.style_editor.copied": "Zkopírováno!",
    "axiom.tool.selection.copy_selection": "Zkopírovat (%s)",
    "axiom.editorui.window.replace.copy_properties": "Zkopírovat vlastnosti",
    "axiom.capability.fast_place.title": "Rychlé pokládání",
    "axiom.editorui.window.blueprint_browser.open_folder": "Otevřít složku",
    "axiom.tool.painter.paint_mode.active_block": "Aktivní blok",
    "axiom.tool.slope.shape": "Tvar",
    "axiom.tool.selection.confirm_selection": "Potvrdit (%s)",
    "axiom.editorui.window.tool_masks.mask_and": "A",
    "axiom.keybinds.adjust_radius": "Upravit poloměr nástroje",
    "axiom.window.rotate_placement.algorithm": "Algoritmus",
    "axiom.tool.elevation.apply_mode": "Použít",
    "axiom.tool.shape.archimedean_spiral": "Archimédova spirála ",
    "axiom.editorui.window.autoshade": "Automatické stínování",
    "axiom.editorui.window.autoshade.do_autoshade": "Automatické stínování",
    "axiom.keybind_builder_tools": "Axiom (stavitelské nástroje)",
    "axiom.editorui.window.keybinds.load_axiom_defaults": "Základní nastavení Axiomu",
    "axiom.tool.shape.pivot.base": "Základ",
    "axiom.tool.path.curve_bezier": "Bézierova křivka",
    "axiom.editorui.window.tool_masks.mask_biome": "Biom",
    "axiom.editorui.window.keybinds.load_blender_defaults": "Podobné Blederu",
    "axiom.tool.ruler.display.block_count": "Počet bloků",
    "axiom.editorui.window.style_editor.border_color": "Hranice",
    "axiom.editorui.window.style_editor.borders_category": "Hranice",
    "axiom.editorui.window.clipboard.warning_2": "Otočením stavby se ztratí původní informace a bude těžké stavbu obnovit",
    "axiom.contextmenu.flight_direction.camera": "Kamera",
    "axiom.editorui.window.tool_masks.mask_can_see_sky": "Vidí oblohu",
    "axiom.tool.shape.shape_category": "Kategorie",
    "axiom.tool.stamp.chance": "Pravděpodobnost",
    "axiom.widget.clear": "Vymazat",
    "axiom.tool.clentaminator.crop_type": "Druh výběru",
    "axiom.widget.ctrl_click_hint": "Ctrl+Click pro nastavení hodnoty",
    "axiom.tool.path.curve_category": "Křivka",
    "axiom.window.autoshade.palette_type.custom": "Vlastní",
    "axiom.tool.elevation.custom_heightmap": "Vlastní výšková mapa",
    "axiom.tool.selection.cut_selection": "Vystřihnout (%s)",
    "axiom.tool.shape.cylinder": "Válec",
    "axiom.preset.default": "Základní",
    "axiom.buildertool.erase.delete": "Smazat",
    "axiom.tool.lasso_select.depth": "Hloubka",
    "axiom.tool.path.deselect_point_n": "Odebrat bod %s",
    "axiom.tool.shape.diameter": "Průměr",
    "axiom.tool.text.direction": "Směr",
    "axiom.tool.shape.disk": "Disk",
    "axiom.tool.ruler.display.distance": "Vzdálenost",
    "axiom.editorui.mainmenu.help.documentation": "Dokumentace...",
    "axiom.tool.shape.dodecahedron": "Dvanáctistěn",
    "axiom.tool.elevation.dynamics": "Dynamika",
    "axiom.tool.generic.brush_shape.ellipsoid": "Elipsoid",
    "axiom.buildertool.erase": "Smazat",
    "axiom.tool.shape.supersphere.exponent": "Exponent",
    "axiom.editorui.window.style_editor.export_to_clipboard": "Exportovat do schránky",
    "axiom.tool.clentaminator.farmland": "Orná půda",
    "axiom.tool.selection.fill_selection": "Vyplnit (%s)",
    "axiom.editorui.window.filter_selection.filter": "Filtr",
    "axiom.editorui.window.filter_selection": "Filtrovat výběr",
    "axiom.editorui.mainmenu.select.filter": "Filtr...",
    "axiom.buildertool.clone.finish": "Ukončit",
    "axiom.contextmenu.flight_direction": "Směr letu",
    "axiom.contextmenu.flight_momentum": "Rychlost létání: %s%%",
    "axiom.buildertool.setup_symmetry.flip": "Otočit  %s",
    "axiom.tool.text.font": "Písmo",
    "axiom.editorui.mainmenu.operations.generate": "Generovat",
    "axiom.tool.gradient_painter.gradient": "Přechod",
    "axiom.tool.painter.paint_mode.gradient": "Přechod",
    "axiom.tool.stamp.add_blueprint": "Přidat plánek",
    "axiom.tool.stamp.blueprints": "Plánky",
    "axiom.editorui.enter_key": "Enter",
    "axiom.toasts.disabled": "'%s' bylo vypnuto",
    "axiom.toasts.enabled": "'%s' bylo zapnuto",
    "axiom.tool.heightmap.y_limit": "Limit souřadnice Y",
    "axiom.tool.shape.height": "Výška",
    "axiom.tool.generic.brush_height": "Výška",
    "axiom.editorui.window.history.history_size": "Velikost historie: %s",
    "axiom.contextmenu.flight_direction.horizontal": "Vodorovně",
    "axiom.editorui.warning_confirmation": "Rozumím. Neukazujte zas tuto zprávu.",
    "axiom.tool.shape.icosahedron": "Dvacetistěn",
    "axiom.editorui.styles.imgui_dark": "ImGui tmavé",
    "axiom.editorui.styles.imgui_light": "ImGui světlé",
    "axiom.editorui.mainmenu.file.import_schematic": "Importovat plánek...",
    "axiom.editorui.window.style_editor.import_from_clipboard": "Vložit ze schránky",
    "axiom.contextmenu.infinite_reach_limit": "Limit nekonečného dosahu: %s bloků",
    "axiom.contextmenu.infinite_reach_limit_none": "Limit nekonečného dosahu: ∞",
    "axiom.tool.painter.inner_radius": "Vnitřní poloměr",
    "axiom.tool.path.radius": "Poloměr",
    "axiom.mask.near.radius": "Poloměr",
    "axiom.tool.clentaminator.fully_grown": "Plně vyrostlé",
    "axiom.tool.shape.gizmo_space.global": "Globální",
    "axiom.window.autoshade.global_illumination": "Globální osvětlení",
    "axiom.tool.clentaminator.grass_block": "Tráva",
    "axiom.tool.box_select.input_mode": "Vstup",
    "axiom.tool.gradient_painter.gradient_interpolation": "Interpolace",
    "axiom.tool.shape.rotation.keep": "Ponechat",
    "axiom.history_description.modified": "Upraveno %s bloků",
    "axiom.tool.shape.modifiers": "Modifikátory",
    "axiom.capability.no_clip.description": "Pohybovat se skrz blocky při letu",
    "axiom.tool.gradient_painter.gradient_interpolation_nearest": "Nejbližší",
    "axiom.window.autoshade.palette_no_ores": "Bez rud",
    "axiom.window.rotate_placement.lossy_rotation_warning": "Ne-90° otáčky jsou ztrátové",
    "axiom.tool.gradient_painter.lock_none": "Žádný",
    "axiom.editorui.window.tool_masks.mask_or": "NEBO",
    "axiom.tool.elevation.apply_mode.once": "Pouze jednou",
    "axiom.editorui.window.style_editor.other_category": "Další",
    "axiom.widget.options": "Možnosti",
    "axiom.tool.shape.torus.outer": "Venkovní",
    "axiom.tool.path.override_block": "Přepsat blok",
    "axiom.tool.path.override_radius": "Přepsat poloměr",
    "axiom.window.autoshade.palette_options": "Možnosti palety",
    "axiom.tool.shape.paste_options": "Vložit",
    "axiom.tool.stamp.paste_options": "Vložit",
    "axiom.tool.path": "Cesta",
    "axiom.editorui.window.world_properties.pause_weather": "Zastavit počasí",
    "axiom.capability.angel_placement.description": "Pokládat bloky ve vzduchu",
    "axiom.tool.gradient_painter.lock_pos1": "Pozice 1",
    "axiom.tool.box_select.pos1": "Pozice 1",
    "axiom.tool.box_select.input_mode.pos1_and_pos2": "Pozice 1 a pozice 2",
    "axiom.tool.box_select.pos2": "Pozice 2",
    "axiom.tool.gradient_painter.lock_both": "Pozice 1 a pozice 2",
    "axiom.tool.box_select.input_mode.position_and_size": "Pozice a velikost",
    "axiom.widget.presets": "Předvolby",
    "axiom.tool.shape.pyramid": "Jehlan",
    "axiom.tool.path.easing_quadratic": "Kvadratický",
    "axiom.tool.elevation.mode_raise": "Zvýšit",
    "axiom.tool.elevation.raise_and_lower": "Zvýšit a snížit",
    "axiom.tool.stamp.random_xz_flip": "Náhodné X/Z otočení",
    "axiom.tool.shape.metaball_range": "Rozsah",
    "axiom.mask.angle.range": "Rozsah",
    "axiom.tool.heightmap.rate": "Míra",
    "axiom.tool.path.remove": "Smazat",
    "axiom.tool.selection.replace_selection": "Zaměnit (%s)",
    "axiom.editorui.window.style_editor.reset": "Resetovat",
    "axiom.tool.shape.rotation.reset": "Resetovat",
    "axiom.tool.shape.rotation": "Otáčení",
    "axiom.window.rotate_placement.rotation": "Otáčení",
    "axiom.tool.shape": "Tvar",
    "axiom.tool.shape.regular_polygon.sides": "Strany",
    "axiom.editorui.window.style_editor.sizes": "Velikosti",
    "axiom.editorui.window.tool_masks.mask_surface": "Povrch",
    "axiom.tool.generic.mask_surface_short": "Povrch",
    "axiom.tool.path.easing_slight": "Mírný",
    "axiom.tool.shape.smart_surface": "Chytrý povrch",
    "axiom.tool.heightmap.smoothing": "Vyhlazení",
    "axiom.editorui.mainmenu.operations.smoothsnow": "Uhlazení sněhu",
    "axiom.tool.painter.soft_edge": "Jemné hrany",
    "axiom.editorui.window.tool_masks.mode_source": "Pouze zdroj",
    "axiom.editorui.window.tool_masks.mode_source_and_dest": "Zdroj a destinace",
    "axiom.editorui.speed": "Rychlost",
    "axiom.tool.gradient_painter.gradient_shape_sphere": "Koule",
    "axiom.tool.stamp": "Razítko",
    "axiom.editorui.window.style_editor": "Editor stylů",
    "axiom.editorui.mainmenu.help.style_editor": "Editor stylů...",
    "axiom.window.autoshade.sun": "Slunce",
    "axiom.tool.shape.superellipse": "Superelipsa",
    "axiom.tool.shape.supersphere": "Superkoule",
    "axiom.editorui.window.style_editor.tab": "Záložka",
    "axiom.editorui.window.style_editor.tab_active": "Záložka (Aktivní)",
    "axiom.editorui.window.style_editor.tab_borders": "Hranice záložek",
    "axiom.tool.clentaminator.tall_grass_block": "Vysoká tráva",
    "axiom.editorui.teleport": "Teleportovat...",
    "axiom.editorui.window.style_editor.text": "Text",
    "axiom.editorui.window.style_editor.text_category": "Text",
    "axiom.tool.shape.tube.thickness": "Tloušťka",
    "axiom.tutorial.selection1": "Tohle je výběr.\nVýběry umožňují použití nástrojů ve specifické oblasti světa.\nPro vymazání výběru stiskni klávesu Enter",
    "axiom.tutorial.box_select_tool1": "Tohle je krychlový výběr.\nVybere bloky mezi dvěma body",
    "axiom.tutorial.magic_select_tool": "Tohle je kouzelná hůlka.\nVybírá spojené bloky stejného typu.",
    "axiom.editorui.window.world_properties.thunder_weather": "Bouřka",
    "axiom.tool.shape.torus": "Torus",
    "axiom.tool.path.curve_type": "Typ",
    "axiom.window.autoshade.palette_type": "Typ",
    "axiom.contextmenu.type_replace": "Zaměnění typu",
    "axiom.editorui.window.type_replace": "Zaměnění typu",
    "axiom.editorui.mainmenu.operations.type_replace": "Zaměnění typu...",
    "axiom.editorui.window.palette.unknown_custom_block": "Neznámý vlastní blok",
    "axiom.editorui.window.clipboard.unlock_rotation": "Odemknout otáčení",
    "axiom.editorui.update": "Aktualizovat",
    "axiom.tool.text.use_builtin_font": "Použít vestavěné písmo",
    "axiom.window.autoshade.use_player_position": "Použít pozici hráče",
    "axiom.editorui.window.world_properties.weather": "Počasí",
    "axiom.editorui.window.style_editor.window_category": "Okno",
    "axiom.editorui.window.style_editor.window_background": "Pozadí okna",
    "axiom.editorui.window.style_editor.window_borders": "Hranice okna",
    "axiom.tool.gradient_painter.gradient_interpolation_bezier": "Bézier",
    "axiom.tool.generic.brush_shape.bicone": "Dvoukužel",
    "axiom.tool.generic.brush_shape.capsule": "Kapsle",
    "axiom.editorui.window.style_editor.checkmark": "Fajfka",
    "axiom.tutorial.selection2": "%s může být použito na vyplnění výběru bloky.\n%s umožňuje zaměnit bloky.\n%s/%s/Smazat pro kopírování/vyjmutí/smazání",
    "axiom.editorui.window.tool_masks.mask_adjacent": "Spojené",
    "axiom.capability.angel_placement.title": "Andělské pokládání",
    "axiom.tool.shape.rotation.auto": "Automatické",
    "axiom.window.autoshade.palette_type.automatic": "Automatické",
    "axiom.editorui.mainmenu.operations.autoshade": "Automatické stínování...",
    "axiom.tool.stamp.base_chance": "Základní pravděpodobnost",
    "axiom.editorui.window.style_editor.base_style": "Základní styl",
    "axiom.buildertool.scroll_extend": "Klikni pro zvětšení",
    "axiom.editorui.mainmenu.operations.generate.colour_field": "Barevné pole",
    "axiom.tool.elevation.apply_mode.continuous": "Kontinuální",
    "axiom.contextmenu.create_display_entity": "Vytvořit zobrazovací entitu",
    "axiom.preset.create_new_preset": "Vytvořit nové přednastavení",
    "axiom.tool.clentaminator.crops": "Rostliny",
    "axiom.tool.shape.cuboid": "Kvádr",
    "axiom.tool.generic.brush_shape.cuboid": "Kvádr",
    "axiom.editorui.window.tool_masks.mode_dest": "Pouze destinace",
    "axiom.editorui.window.style_editor.disabled_text": "Vypnutý text",
    "axiom.editorui.mainmenu.help.discord_server": "Discord Server...",
    "axiom.editorui.window.palette.custom_empty": "Prázdno (pravý klik pro přidání)",
    "axiom.buildertool.erase.erase_box": "Smazat box",
    "axiom.buildertool.erase.erase_connected": "Smazat spojené",
    "axiom.editorui.escape_key": "Escape",
    "axiom.editorui.mainmenu.export_schematic": "Exportovat plánek...",
    "axiom.tool.shape.shape_category.flat": "Placatý",
    "axiom.tool.elevation.flatten_down": "Zarovnat dolů",
    "axiom.tool.elevation.mode_flatten_up": "Zarovnat nahoru",
    "axiom.editorui.window.style_editor.frame_category": "Rámeček",
    "axiom.editorui.window.style_editor.frame_background": "Pozadí rámečku",
    "axiom.editorui.window.style_editor.frame_background_active": "Pozadí rámečku (aktivního)",
    "axiom.editorui.window.style_editor.frame_borders": "Hranice rámečků",
    "axiom.window.autoshade.palette_full_cube": "Plná kostka",
    "axiom.tool.gradient_painter": "Malovač přachodů",
    "axiom.tool.lasso_select.include_non_solid": "Zahrnout nepevné bloky",
    "axiom.tool.lasso_select": "Výběr lasem",
    "axiom.tool.gradient_painter.gradient_interpolation_linear": "Lineární",
    "axiom.tool.path.easing_linear": "Lineární",
    "axiom.contextmenu.liquid_opacity": "Průhlednost kapalin: %s%%",
    "axiom.editorui.window.keybinds.load_default": "Načíst základní...",
    "axiom.tool.elevation.load_heightmap": "Načíst výškovou mapu",
    "axiom.tool.shape.gizmo_space.local": "Lokální",
    "axiom.tool.path.looped": "Zacyklený",
    "axiom.tool.shape.archimedean_spiral.loops": "Cykly",
    "axiom.editorui.window.style_editor.menu_bar_background": "Pozadí menu řádku",
    "axiom.tool.painter.merge_strokes": "Spojit čáry",
    "axiom.contextmenu.min_brightness": "Minimální jas: %s%%",
    "axiom.tool.stamp.min_spacing": "Minimální vzdálenost",
    "axiom.editorui.window.tool_masks.mode": "Režim",
    "axiom.tool.elevation.mode": "Režim",
    "axiom.tool.painter.paint_mode": "Režim",
    "axiom.tool.noise_painter.block_mode": "Režim",
    "axiom.tool.shape.shape_category.modelling": "Modelování",
    "axiom.tool.clentaminator.moist_farmland": "Pokropit",
    "axiom.buildertool.setup_symmetry.move_symmetry": "Přesunout symetrii",
    "axiom.preset.name": "Název",
    "axiom.window.rotate_placement.nearest_neighbor": "Nejbližší soused (rychlé)",
    "axiom.window.autoshade.palette_opaque": "Neprůhlený",
    "axiom.tool.stamp.place": "Položit",
    "axiom.buildertool.setup_symmetry.place_symmetry": "Umístit symetrii",
    "axiom.tool.shape.placement_options": "Umístění",
    "axiom.tool.text.rasterization": "Rasterizace",
    "axiom.tool.shape.regular_polygon": "Normální mnohoúhelník",
    "axiom.tool.shape.reset_rotation": "Resetovat otáčení",
    "axiom.editorui.window.style_editor.revert": "Vrátit",
    "axiom.window.rotate_placement.do_rotate": "Otočit",
    "axiom.buildertool.setup_symmetry.rotate": "Otočit %s",
    "axiom.window.rotate_placement.do_rotate_and_scale": "Otočit / škálovat",
    "axiom.editorui.window.clipboard.placement_options.rotate_scale": "Otočit/škálovat...",
    "axiom.editorui.window.style_editor.rounding_category": "Zakulacení",
    "axiom.tool.shape.cone.rounding": "Zakulacení",
    "axiom.window.autoshade.palette_same_texture": "Stejná textura",
    "axiom.window.rotate_placement.scale": "Škála",
    "axiom.window.rotate_placement.do_scale": "Škála",
    "axiom.tool.ruler.select_center": "Zvolit střed",
    "axiom.tool.text.select_font": "Zvolit písmo",
    "axiom.editorui.window.style_editor.separator": "Oddělovač",
    "axiom.editorui.window.style_editor.separator_active": "Oddělovač (aktivní)",
    "axiom.buildertool.setup_symmetry": "Nastavit symetrii",
    "axiom.tool.gradient_painter.gradient_shape": "Tvar",
    "axiom.tool.shape.shape_category.solid": "Pevné bloky",
    "axiom.window.autoshade.palette_solid": "Pevné bloky",
    "axiom.window.autoshade.sun_pitch": "Sklon Slunce",
    "axiom.window.autoshade.sun_yaw": "Otočení Slunce",
    "axiom.editorui.window.style_editor.tab_rounding": "Zakulacení záložky",
    "axiom.window.autoshade.ambient_occlusion": "",
    "axiom.tool.noise_painter.anisotropic": "Anizotropní",
    "axiom.editorui.window.style_editor.button": "Tlačítko",
    "axiom.editorui.window.style_editor.button_active": "Tlačítko (aktivní)",
    "axiom.tool.path.curve_catenary": "Řetězovka",
    "axiom.tool.gradient_painter.clamp_to_edge": "Připnutí ke krajům",
    "axiom.tool.shape.convex_hull": "Konvexní obal",
    "axiom.tool.box_select.box_select.create_marker_region": "Vytvořit označenou oblast",
    "axiom.tool.path.easing_cubic": "Krychlový",
    "axiom.editorui.window.style_editor.button_hovered": "Tlačítko (přejeté)",
    "axiom.mask.angle.angle_tooltip": "Úhel proti kterému kontrolovat. Ve stupních, 90 = nahoru, 0 = vodorovně, -90 = dolů",
    "axiom.tool.stamp.extend_foundation_to_ground_tooltip": "Duplikuje spodní vrstvu bloků směrem dolů dokud nenarazí na pevný blok",
    "axiom.editorui.window.style_editor.frame_background_hovered": "Pozadí rámečku (přejeté)",
    "axiom.editorui.window.style_editor.frame_rounding": "Zakulacení rámečku",
    "axiom.tool.path.inverted": "Převrácený",
    "axiom.window.rotate_placement.lossy_scaling_warning": "Neceločíselné škálování je ztrátové",
    "axiom.tool.stamp.random_yaw": "Náhodné otočení",
    "axiom.widget.block_list.right_click_to_edit_properties": "Pravý klik pro upravení vlastností",
    "axiom.editorui.window.rotate_placement": "Otáčet/škálovat umístění",
    "axiom.tool.shape.separate_hv": "Oddělené HV",
    "axiom.tool.shape.separate_xz": "Oddělené XZ",
    "axiom.editorui.window.style_editor.separator_hovered": "Oddělovač (přejetý)",
    "axiom.editorui.mainmenu.window.show_close_window_button": "Ukazovat tlačíto pro zavření okna",
    "axiom.contextmenu.show_key_hints": "Ukazovat klávesové nápovědy",
    "axiom.window.autoshade.sun_shading": "Stínování Slunce",
    "axiom.mask.angle.range_tooltip": "Rozsah povolených úhlů, větší znamená více povolených úhlů",
    "axiom.tutorial.clipboard": "Tohle je tvá schránka. Pokud máš výběr, můžeš ho zkopírovat pomocí Ctrl+C. Poté ho můžeš pomocí Ctrl+V vložit pro zahájení umístění",
    "axiom.keybind.toggle_angel_placement_cap": "Přepnutí andělského pokládání",
    "axiom.keybind.toggle_fast_place_cap": "Přepnutí rychlého pokládání",
    "axiom.keybind.toggle_infinite_reach_cap": "Přepnutí nekonečného dosahu",
    "axiom.tool.shape.tube": "Tuba",
    "axiom.tool.text.use_full_blocks": "Používat plné bloky",
    "axiom.editorui.window.style_editor.window_rounding": "Zakulacení oken",
    "axiom.tool.shape.torus.ring": "Prsten"
}
