{
	"credit": "Made with Blockbench",
	"texture_size": [64, 64],
	"textures": {
		"0": "./sculk_shield",
		"particle": "./sculk_shield"
	},
	"elements": [
		{
			"name": "shield",
			"from": [7, 8, 8],
			"to": [9, 14, 14],
			"faces": {
				"north": {"uv": [8, 1.5, 8.5, 3], "texture": "#0"},
				"east": {"uv": [6.5, 1.5, 8, 3], "texture": "#0"},
				"south": {"uv": [10, 1.5, 10.5, 3], "texture": "#0"},
				"west": {"uv": [8.5, 1.5, 10, 3], "texture": "#0"},
				"up": {"uv": [8.5, 1.5, 8, 0], "texture": "#0"},
				"down": {"uv": [9, 0, 8.5, 1.5], "texture": "#0"}
			}
		},
		{
			"name": "shield",
			"from": [2, 0, 7],
			"to": [14, 22, 8],
			"faces": {
				"north": {"uv": [0.25, 0.25, 3.25, 5.75], "texture": "#0"},
				"east": {"uv": [0, 0.25, 0.25, 5.75], "texture": "#0"},
				"south": {"uv": [3.5, 0.25, 6.5, 5.75], "texture": "#0"},
				"west": {"uv": [3.25, 0.25, 3.5, 5.75], "texture": "#0"},
				"up": {"uv": [3.25, 0.25, 0.25, 0], "texture": "#0"},
				"down": {"uv": [6.25, 0, 3.25, 0.25], "texture": "#0"}
			}
		},
		{
			"name": "shield",
			"from": [2, 0, 6],
			"to": [14, 22, 7],
			"faces": {
				"north": {"uv": [0.25, 6, 3.25, 11.5], "texture": "#0"},
				"east": {"uv": [0, 6, 0.25, 11.5], "texture": "#0"},
				"south": {"uv": [3.5, 6, 6.5, 11.5], "texture": "#0"},
				"west": {"uv": [3.25, 6, 3.5, 11.5], "texture": "#0"},
				"up": {"uv": [3.25, 6, 0.25, 5.75], "texture": "#0"},
				"down": {"uv": [6.25, 5.75, 3.25, 6], "texture": "#0"}
			}
		}
	],
	"gui_light": "front",
	"display": {
		"thirdperson_righthand": {
			"rotation": [0, -90, 0],
			"translation": [3, -4.75, 4]
		},
		"thirdperson_lefthand": {
			"rotation": [0, -90, 0],
			"translation": [3, -4.75, 4]
		},
		"firstperson_righthand": {
			"rotation": [0, 0, -6],
			"translation": [0.75, -8, 0]
		},
		"firstperson_lefthand": {
			"rotation": [0, 0, -6],
			"translation": [0.75, -8, 0]
		},
		"ground": {
			"scale": [0.3, 0.3, 0.3]
		},
		"gui": {
			"rotation": [0, 158, 2],
			"translation": [0, -4, 0],
			"scale": [0.9, 0.9, 0.9]
		},
		"head": {
			"rotation": [90, 0, 0],
			"translation": [0, 6.5, -4]
		},
		"fixed": {
			"translation": [0, -2.5, -1],
			"scale": [0.5, 0.5, 0.5]
		}
	},
	"groups": [
		{
			"name": "shield",
			"origin": [0, 11, 1],
			"color": 0,
			"children": [0, 1, 2]
		}
	]
}