{
	"credit": "Made with Blockbench",
	"texture_size": [64, 64],
	"textures": {
		"1": "./target_shield",
		"particle": "./target_shield"
	},
	"elements": [
		{
			"name": "Cube",
			"from": [7, 8, 5],
			"to": [9, 14, 11],
			"faces": {
				"north": {"uv": [10, 1.5, 10.5, 3], "texture": "#1"},
				"east": {"uv": [8.5, 1.5, 10, 3], "texture": "#1"},
				"south": {"uv": [8, 1.5, 8.5, 3], "texture": "#1"},
				"west": {"uv": [6.5, 1.5, 8, 3], "texture": "#1"},
				"up": {"uv": [8, 0, 8.5, 1.5], "texture": "#1"},
				"down": {"uv": [8.5, 0, 9, 1.5], "texture": "#1"}
			}
		},
		{
			"from": [0, 2, 11],
			"to": [5, 21, 12],
			"faces": {
				"north": {"uv": [0.25, 1, 1.5, 5.75], "texture": "#1"},
				"east": {"uv": [1.25, 1, 1.5, 5.75], "texture": "#1"},
				"south": {"uv": [11.75, 1, 13, 5.75], "texture": "#1"},
				"west": {"uv": [0.25, 1, 0.5, 5.75], "texture": "#1"},
				"up": {"uv": [0.25, 5.5, 1.5, 5.75], "texture": "#1"},
				"down": {"uv": [0.25, 1, 1.5, 1.25], "texture": "#1"}
			}
		},
		{
			"from": [5, 1, 11],
			"to": [11, 19, 12],
			"faces": {
				"north": {"uv": [1.5, 1.5, 3, 6], "texture": "#1"},
				"east": {"uv": [2.75, 1.5, 3, 6], "texture": "#1"},
				"south": {"uv": [13, 1.5, 14.5, 6], "texture": "#1"},
				"west": {"uv": [1.5, 1.5, 1.75, 6], "texture": "#1"},
				"up": {"uv": [1.5, 5.75, 3, 6], "texture": "#1"},
				"down": {"uv": [1.5, 1.5, 3, 1.75], "texture": "#1"}
			}
		},
		{
			"from": [11, 2, 11],
			"to": [16, 20, 12],
			"faces": {
				"north": {"uv": [3, 1.25, 4.25, 5.75], "texture": "#1"},
				"east": {"uv": [3, 1.25, 3.25, 5.75], "texture": "#1"},
				"south": {"uv": [14.5, 1.25, 15.75, 5.75], "texture": "#1"},
				"west": {"uv": [4, 1.25, 4.25, 5.75], "texture": "#1"},
				"up": {"uv": [3, 5.5, 4.25, 5.75], "texture": "#1"},
				"down": {"uv": [3, 1.25, 4.25, 1.5], "texture": "#1"}
			}
		},
		{
			"from": [2, 5, 12],
			"to": [14, 17, 13],
			"faces": {
				"north": {"uv": [12.25, 2, 15.25, 5], "texture": "#1"},
				"east": {"uv": [12.25, 2, 12.5, 5], "texture": "#1"},
				"south": {"uv": [12.25, 2, 15.25, 5], "texture": "#1"},
				"west": {"uv": [15, 2, 15.25, 5], "texture": "#1"},
				"up": {"uv": [12.25, 4.75, 15.25, 5], "texture": "#1"},
				"down": {"uv": [12.25, 2, 15.25, 2.25], "texture": "#1"}
			}
		}
	],
	"display": {
		"thirdperson_righthand": {
			"rotation": [0, 90, 0],
			"translation": [0, -5, 4]
		},
		"thirdperson_lefthand": {
			"rotation": [0, 90, 0],
			"translation": [0, -5, 4]
		},
		"firstperson_righthand": {
			"rotation": [0, 180, 5],
			"translation": [-1, -13, 2],
			"scale": [1.25, 1.25, 1.25]
		},
		"firstperson_lefthand": {
			"rotation": [0, 180, 5],
			"translation": [-1, -15, 2],
			"scale": [1.25, 1.25, 1.25]
		},
		"ground": {
			"translation": [0, 4, 0],
			"scale": [0.25, 0.25, 0.25]
		},
		"gui": {
			"rotation": [15, -25, -5],
			"translation": [0, -1, 0],
			"scale": [0.65, 0.65, 0.65]
		},
		"fixed": {
			"rotation": [0, 180, 0],
			"scale": [0.5, 0.5, 0.5]
		}
	}
}