{
	"credit": "Made with Blockbench",
	"textures": {
		"0": "./royal_kyanite_cleaver",
		"particle": "./royal_kyanite_cleaver"
	},
	"elements": [
		{
			"name": "royal kyanite_cleaver_0",
			"from": [9, 7, 7],
			"to": [11, 12, 7.5],
			"rotation": {"angle": 0, "axis": "y", "origin": [6.85577, 5.49038, 7.25]},
			"faces": {
				"north": {"uv": [8, 9, 10, 4], "rotation": 180, "texture": "#0"},
				"east": {"uv": [9.5, 4, 10, 9], "texture": "#0"},
				"south": {"uv": [8, 4, 10, 9], "texture": "#0"},
				"west": {"uv": [8, 4, 8.5, 9], "texture": "#0"},
				"up": {"uv": [10, 4, 8, 4.5], "rotation": 180, "texture": "#0"},
				"down": {"uv": [8, 8.5, 10, 9], "texture": "#0"}
			}
		},
		{
			"name": "royal kyanite_cleaver_1",
			"from": [11, 7.5, 7],
			"to": [11.5, 11.5, 7.5],
			"rotation": {"angle": 0, "axis": "y", "origin": [6.85577, 5.49038, 7.25]},
			"faces": {
				"north": {"uv": [10, 8.5, 10.5, 4.5], "rotation": 180, "texture": "#0"},
				"east": {"uv": [10, 4.5, 10.5, 8.5], "texture": "#0"},
				"south": {"uv": [10, 4.5, 10.5, 8.5], "texture": "#0"},
				"west": {"uv": [10, 4.5, 10.5, 8.5], "texture": "#0"},
				"up": {"uv": [10.5, 4.5, 10, 5], "rotation": 180, "texture": "#0"},
				"down": {"uv": [10, 8, 10.5, 8.5], "texture": "#0"}
			}
		},
		{
			"name": "royal kyanite_cleaver_2",
			"from": [11.5, 8, 7],
			"to": [12, 11, 7.5],
			"rotation": {"angle": 0, "axis": "y", "origin": [6.85577, 5.49038, 7.25]},
			"faces": {
				"north": {"uv": [10.5, 8, 11, 5], "rotation": 180, "texture": "#0"},
				"east": {"uv": [10.5, 5, 11, 8], "texture": "#0"},
				"south": {"uv": [10.5, 5, 11, 8], "texture": "#0"},
				"west": {"uv": [10.5, 5, 11, 8], "texture": "#0"},
				"up": {"uv": [11, 5, 10.5, 5.5], "rotation": 180, "texture": "#0"},
				"down": {"uv": [10.5, 7.5, 11, 8], "texture": "#0"}
			}
		},
		{
			"name": "royal kyanite_cleaver_3",
			"from": [8.5, 5, 7],
			"to": [9, 10.5, 7.5],
			"rotation": {"angle": 0, "axis": "y", "origin": [6.85577, 5.49038, 7.25]},
			"faces": {
				"north": {"uv": [7.5, 11, 8, 5.5], "rotation": 180, "texture": "#0"},
				"east": {"uv": [7.5, 5.5, 8, 11], "texture": "#0"},
				"south": {"uv": [7.5, 5.5, 8, 11], "texture": "#0"},
				"west": {"uv": [7.5, 5.5, 8, 11], "texture": "#0"},
				"up": {"uv": [8, 5.5, 7.5, 6], "rotation": 180, "texture": "#0"},
				"down": {"uv": [7.5, 10.5, 8, 11], "texture": "#0"}
			}
		},
		{
			"name": "royal kyanite_cleaver_4",
			"from": [12, 8, 7],
			"to": [12.5, 10.5, 7.5],
			"rotation": {"angle": 0, "axis": "y", "origin": [6.85577, 5.49038, 7.25]},
			"faces": {
				"north": {"uv": [11, 8, 11.5, 5.5], "rotation": 180, "texture": "#0"},
				"east": {"uv": [11, 5.5, 11.5, 8], "texture": "#0"},
				"south": {"uv": [11, 5.5, 11.5, 8], "texture": "#0"},
				"west": {"uv": [11, 5.5, 11.5, 8], "texture": "#0"},
				"up": {"uv": [11.5, 5.5, 11, 6], "rotation": 180, "texture": "#0"},
				"down": {"uv": [11, 7.5, 11.5, 8], "texture": "#0"}
			}
		},
		{
			"name": "royal kyanite_cleaver_5",
			"from": [8, 4.5, 7],
			"to": [8.5, 10, 7.5],
			"rotation": {"angle": 0, "axis": "y", "origin": [6.85577, 5.49038, 7.25]},
			"faces": {
				"north": {"uv": [7, 11.5, 7.5, 6], "rotation": 180, "texture": "#0"},
				"east": {"uv": [7, 6, 7.5, 11.5], "texture": "#0"},
				"south": {"uv": [7, 6, 7.5, 11.5], "texture": "#0"},
				"west": {"uv": [7, 6, 7.5, 11.5], "texture": "#0"},
				"up": {"uv": [7.5, 6, 7, 6.5], "rotation": 180, "texture": "#0"},
				"down": {"uv": [7, 11, 7.5, 11.5], "texture": "#0"}
			}
		},
		{
			"name": "royal kyanite_cleaver_6",
			"from": [12.5, 8, 7],
			"to": [13, 10, 7.5],
			"rotation": {"angle": 0, "axis": "y", "origin": [6.85577, 5.49038, 7.25]},
			"faces": {
				"north": {"uv": [11.5, 8, 12, 6], "rotation": 180, "texture": "#0"},
				"east": {"uv": [11.5, 6, 12, 8], "texture": "#0"},
				"south": {"uv": [11.5, 6, 12, 8], "texture": "#0"},
				"west": {"uv": [11.5, 6, 12, 8], "texture": "#0"},
				"up": {"uv": [12, 6, 11.5, 6.5], "rotation": 180, "texture": "#0"},
				"down": {"uv": [11.5, 7.5, 12, 8], "texture": "#0"}
			}
		},
		{
			"name": "royal kyanite_cleaver_7",
			"from": [7.5, 4, 7],
			"to": [8, 9.5, 7.5],
			"rotation": {"angle": 0, "axis": "y", "origin": [6.85577, 5.49038, 7.25]},
			"faces": {
				"north": {"uv": [6.5, 12, 7, 6.5], "rotation": 180, "texture": "#0"},
				"east": {"uv": [6.5, 6.5, 7, 12], "texture": "#0"},
				"south": {"uv": [6.5, 6.5, 7, 12], "texture": "#0"},
				"west": {"uv": [6.5, 6.5, 7, 12], "texture": "#0"},
				"up": {"uv": [7, 6.5, 6.5, 7], "rotation": 180, "texture": "#0"},
				"down": {"uv": [6.5, 11.5, 7, 12], "texture": "#0"}
			}
		},
		{
			"name": "royal kyanite_cleaver_8",
			"from": [7, 3.5, 7],
			"to": [7.5, 9, 7.5],
			"rotation": {"angle": 0, "axis": "y", "origin": [6.85577, 5.49038, 7.25]},
			"faces": {
				"north": {"uv": [6, 12.5, 6.5, 7], "rotation": 180, "texture": "#0"},
				"east": {"uv": [6, 7, 6.5, 12.5], "texture": "#0"},
				"south": {"uv": [6, 7, 6.5, 12.5], "texture": "#0"},
				"west": {"uv": [6, 7, 6.5, 12.5], "texture": "#0"},
				"up": {"uv": [6.5, 7, 6, 7.5], "rotation": 180, "texture": "#0"},
				"down": {"uv": [6, 12, 6.5, 12.5], "texture": "#0"}
			}
		},
		{
			"name": "royal kyanite_cleaver_9",
			"from": [6.5, 3, 7],
			"to": [7, 8.5, 7.5],
			"rotation": {"angle": 0, "axis": "y", "origin": [6.85577, 5.49038, 7.25]},
			"faces": {
				"north": {"uv": [5.5, 13, 6, 7.5], "rotation": 180, "texture": "#0"},
				"east": {"uv": [5.5, 7.5, 6, 13], "texture": "#0"},
				"south": {"uv": [5.5, 7.5, 6, 13], "texture": "#0"},
				"west": {"uv": [5.5, 7.5, 6, 13], "texture": "#0"},
				"up": {"uv": [6, 7.5, 5.5, 8], "rotation": 180, "texture": "#0"},
				"down": {"uv": [5.5, 12.5, 6, 13], "texture": "#0"}
			}
		},
		{
			"name": "royal kyanite_cleaver_10",
			"from": [6, 1.5, 7],
			"to": [6.5, 8, 7.5],
			"rotation": {"angle": 0, "axis": "y", "origin": [6.85577, 5.49038, 7.25]},
			"faces": {
				"north": {"uv": [5, 14.5, 5.5, 8], "rotation": 180, "texture": "#0"},
				"east": {"uv": [5, 8, 5.5, 14.5], "texture": "#0"},
				"south": {"uv": [5, 8, 5.5, 14.5], "texture": "#0"},
				"west": {"uv": [5, 8, 5.5, 14.5], "texture": "#0"},
				"up": {"uv": [5.5, 8, 5, 8.5], "rotation": 180, "texture": "#0"},
				"down": {"uv": [5, 14, 5.5, 14.5], "texture": "#0"}
			}
		},
		{
			"name": "royal kyanite_cleaver_11",
			"from": [5.5, 1.5, 7],
			"to": [6, 7.5, 7.5],
			"rotation": {"angle": 0, "axis": "y", "origin": [6.85577, 5.49038, 7.25]},
			"faces": {
				"north": {"uv": [4.5, 14.5, 5, 8.5], "rotation": 180, "texture": "#0"},
				"east": {"uv": [4.5, 8.5, 5, 14.5], "texture": "#0"},
				"south": {"uv": [4.5, 8.5, 5, 14.5], "texture": "#0"},
				"west": {"uv": [4.5, 8.5, 5, 14.5], "texture": "#0"},
				"up": {"uv": [5, 8.5, 4.5, 9], "rotation": 180, "texture": "#0"},
				"down": {"uv": [4.5, 14, 5, 14.5], "texture": "#0"}
			}
		},
		{
			"name": "royal kyanite_cleaver_12",
			"from": [5, 1.5, 7],
			"to": [5.5, 7, 7.5],
			"rotation": {"angle": 0, "axis": "y", "origin": [6.85577, 5.49038, 7.25]},
			"faces": {
				"north": {"uv": [4, 14.5, 4.5, 9], "rotation": 180, "texture": "#0"},
				"east": {"uv": [4, 9, 4.5, 14.5], "texture": "#0"},
				"south": {"uv": [4, 9, 4.5, 14.5], "texture": "#0"},
				"west": {"uv": [4, 9, 4.5, 14.5], "texture": "#0"},
				"up": {"uv": [4.5, 9, 4, 9.5], "rotation": 180, "texture": "#0"},
				"down": {"uv": [4, 14, 4.5, 14.5], "texture": "#0"}
			}
		},
		{
			"name": "royal kyanite_cleaver_13",
			"from": [9, 6, 7],
			"to": [10, 7, 7.5],
			"rotation": {"angle": 0, "axis": "y", "origin": [6.85577, 5.49038, 7.25]},
			"faces": {
				"north": {"uv": [8, 10, 9, 9], "rotation": 180, "texture": "#0"},
				"east": {"uv": [8.5, 9, 9, 10], "texture": "#0"},
				"south": {"uv": [8, 9, 9, 10], "texture": "#0"},
				"west": {"uv": [8, 9, 8.5, 10], "texture": "#0"},
				"up": {"uv": [9, 9, 8, 9.5], "rotation": 180, "texture": "#0"},
				"down": {"uv": [8, 9.5, 9, 10], "texture": "#0"}
			}
		},
		{
			"name": "royal kyanite_cleaver_14",
			"from": [10, 6.5, 7],
			"to": [10.5, 7, 7.5],
			"rotation": {"angle": 0, "axis": "y", "origin": [6.85577, 5.49038, 7.25]},
			"faces": {
				"north": {"uv": [9, 9.5, 9.5, 9], "rotation": 180, "texture": "#0"},
				"east": {"uv": [9, 9, 9.5, 9.5], "texture": "#0"},
				"south": {"uv": [9, 9, 9.5, 9.5], "texture": "#0"},
				"west": {"uv": [9, 9, 9.5, 9.5], "texture": "#0"},
				"up": {"uv": [9.5, 9, 9, 9.5], "rotation": 180, "texture": "#0"},
				"down": {"uv": [9, 9, 9.5, 9.5], "texture": "#0"}
			}
		},
		{
			"name": "royal kyanite_cleaver_15",
			"from": [4.5, 2, 7],
			"to": [5, 6.5, 7.5],
			"rotation": {"angle": 0, "axis": "y", "origin": [6.85577, 5.49038, 7.25]},
			"faces": {
				"north": {"uv": [3.5, 14, 4, 9.5], "rotation": 180, "texture": "#0"},
				"east": {"uv": [3.5, 9.5, 4, 14], "texture": "#0"},
				"south": {"uv": [3.5, 9.5, 4, 14], "texture": "#0"},
				"west": {"uv": [3.5, 9.5, 4, 14], "texture": "#0"},
				"up": {"uv": [4, 9.5, 3.5, 10], "rotation": 180, "texture": "#0"},
				"down": {"uv": [3.5, 13.5, 4, 14], "texture": "#0"}
			}
		},
		{
			"name": "royal kyanite_cleaver_16",
			"from": [3, 3.5, 7],
			"to": [3.5, 6, 7.5],
			"rotation": {"angle": 0, "axis": "y", "origin": [6.85577, 5.49038, 7.25]},
			"faces": {
				"north": {"uv": [2, 12.5, 2.5, 10], "rotation": 180, "texture": "#0"},
				"east": {"uv": [2, 10, 2.5, 12.5], "texture": "#0"},
				"south": {"uv": [2, 10, 2.5, 12.5], "texture": "#0"},
				"west": {"uv": [2, 10, 2.5, 12.5], "texture": "#0"},
				"up": {"uv": [2.5, 10, 2, 10.5], "rotation": 180, "texture": "#0"},
				"down": {"uv": [2, 12, 2.5, 12.5], "texture": "#0"}
			}
		},
		{
			"name": "royal kyanite_cleaver_17",
			"from": [4, 2.5, 7],
			"to": [4.5, 6, 7.5],
			"rotation": {"angle": 0, "axis": "y", "origin": [6.85577, 5.49038, 7.25]},
			"faces": {
				"north": {"uv": [3, 13.5, 3.5, 10], "rotation": 180, "texture": "#0"},
				"east": {"uv": [3, 10, 3.5, 13.5], "texture": "#0"},
				"south": {"uv": [3, 10, 3.5, 13.5], "texture": "#0"},
				"west": {"uv": [3, 10, 3.5, 13.5], "texture": "#0"},
				"up": {"uv": [3.5, 10, 3, 10.5], "rotation": 180, "texture": "#0"},
				"down": {"uv": [3, 13, 3.5, 13.5], "texture": "#0"}
			}
		},
		{
			"name": "royal kyanite_cleaver_18",
			"from": [9, 5.5, 7],
			"to": [9.5, 6, 7.5],
			"rotation": {"angle": 0, "axis": "y", "origin": [6.85577, 5.49038, 7.25]},
			"faces": {
				"north": {"uv": [8, 10.5, 8.5, 10], "rotation": 180, "texture": "#0"},
				"east": {"uv": [8, 10, 8.5, 10.5], "texture": "#0"},
				"south": {"uv": [8, 10, 8.5, 10.5], "texture": "#0"},
				"west": {"uv": [8, 10, 8.5, 10.5], "texture": "#0"},
				"up": {"uv": [8.5, 10, 8, 10.5], "rotation": 180, "texture": "#0"},
				"down": {"uv": [8, 10, 8.5, 10.5], "texture": "#0"}
			}
		},
		{
			"name": "royal kyanite_cleaver_19",
			"from": [2.5, 4, 7],
			"to": [3, 5.5, 7.5],
			"rotation": {"angle": 0, "axis": "y", "origin": [6.85577, 5.49038, 7.25]},
			"faces": {
				"north": {"uv": [1.5, 12, 2, 10.5], "rotation": 180, "texture": "#0"},
				"east": {"uv": [1.5, 10.5, 2, 12], "texture": "#0"},
				"south": {"uv": [1.5, 10.5, 2, 12], "texture": "#0"},
				"west": {"uv": [1.5, 10.5, 2, 12], "texture": "#0"},
				"up": {"uv": [2, 10.5, 1.5, 11], "rotation": 180, "texture": "#0"},
				"down": {"uv": [1.5, 11.5, 2, 12], "texture": "#0"}
			}
		},
		{
			"name": "royal kyanite_cleaver_20",
			"from": [3.5, 2, 7],
			"to": [4, 5.5, 7.5],
			"rotation": {"angle": 0, "axis": "y", "origin": [6.85577, 5.49038, 7.25]},
			"faces": {
				"north": {"uv": [2.5, 14, 3, 10.5], "rotation": 180, "texture": "#0"},
				"east": {"uv": [2.5, 10.5, 3, 14], "texture": "#0"},
				"south": {"uv": [2.5, 10.5, 3, 14], "texture": "#0"},
				"west": {"uv": [2.5, 10.5, 3, 14], "texture": "#0"},
				"up": {"uv": [3, 10.5, 2.5, 11], "rotation": 180, "texture": "#0"},
				"down": {"uv": [2.5, 13.5, 3, 14], "texture": "#0"}
			}
		},
		{
			"name": "royal kyanite_cleaver_21",
			"from": [3, 1.5, 7],
			"to": [3.5, 3, 7.5],
			"rotation": {"angle": 0, "axis": "y", "origin": [6.85577, 5.49038, 7.25]},
			"faces": {
				"north": {"uv": [2, 14.5, 2.5, 13], "rotation": 180, "texture": "#0"},
				"east": {"uv": [2, 13, 2.5, 14.5], "texture": "#0"},
				"south": {"uv": [2, 13, 2.5, 14.5], "texture": "#0"},
				"west": {"uv": [2, 13, 2.5, 14.5], "texture": "#0"},
				"up": {"uv": [2.5, 13, 2, 13.5], "rotation": 180, "texture": "#0"},
				"down": {"uv": [2, 14, 2.5, 14.5], "texture": "#0"}
			}
		},
		{
			"name": "royal kyanite_cleaver_22",
			"from": [2.5, 1, 7],
			"to": [3, 2.5, 7.5],
			"rotation": {"angle": 0, "axis": "y", "origin": [6.85577, 5.49038, 7.25]},
			"faces": {
				"north": {"uv": [1.5, 15, 2, 13.5], "rotation": 180, "texture": "#0"},
				"east": {"uv": [1.5, 13.5, 2, 15], "texture": "#0"},
				"south": {"uv": [1.5, 13.5, 2, 15], "texture": "#0"},
				"west": {"uv": [1.5, 13.5, 2, 15], "texture": "#0"},
				"up": {"uv": [2, 13.5, 1.5, 14], "rotation": 180, "texture": "#0"},
				"down": {"uv": [1.5, 14.5, 2, 15], "texture": "#0"}
			}
		},
		{
			"name": "royal kyanite_cleaver_23",
			"from": [6.5, 2, 7],
			"to": [7, 2.5, 7.5],
			"rotation": {"angle": 0, "axis": "y", "origin": [6.85577, 5.49038, 7.25]},
			"faces": {
				"north": {"uv": [5.5, 14, 6, 13.5], "rotation": 180, "texture": "#0"},
				"east": {"uv": [5.5, 13.5, 6, 14], "texture": "#0"},
				"south": {"uv": [5.5, 13.5, 6, 14], "texture": "#0"},
				"west": {"uv": [5.5, 13.5, 6, 14], "texture": "#0"},
				"up": {"uv": [6, 13.5, 5.5, 14], "rotation": 180, "texture": "#0"},
				"down": {"uv": [5.5, 13.5, 6, 14], "texture": "#0"}
			}
		},
		{
			"name": "royal kyanite_cleaver_24",
			"from": [2, 0, 7],
			"to": [2.5, 2, 7.5],
			"rotation": {"angle": 0, "axis": "y", "origin": [6.85577, 5.49038, 7.25]},
			"faces": {
				"north": {"uv": [1, 16, 1.5, 14], "rotation": 180, "texture": "#0"},
				"east": {"uv": [1, 14, 1.5, 16], "texture": "#0"},
				"south": {"uv": [1, 14, 1.5, 16], "texture": "#0"},
				"west": {"uv": [1, 14, 1.5, 16], "texture": "#0"},
				"up": {"uv": [1.5, 14, 1, 14.5], "rotation": 180, "texture": "#0"},
				"down": {"uv": [1, 15.5, 1.5, 16], "texture": "#0"}
			}
		},
		{
			"name": "royal kyanite_cleaver_25",
			"from": [1, 0, 7],
			"to": [2, 1.5, 7.5],
			"rotation": {"angle": 0, "axis": "y", "origin": [6.85577, 5.49038, 7.25]},
			"faces": {
				"north": {"uv": [0, 16, 1, 14.5], "rotation": 180, "texture": "#0"},
				"east": {"uv": [0.5, 14.5, 1, 16], "texture": "#0"},
				"south": {"uv": [0, 14.5, 1, 16], "texture": "#0"},
				"west": {"uv": [0, 14.5, 0.5, 16], "texture": "#0"},
				"up": {"uv": [1, 14.5, 0, 15], "rotation": 180, "texture": "#0"},
				"down": {"uv": [0, 15.5, 1, 16], "texture": "#0"}
			}
		}
	],
	"gui_light": "front",
	"display": {
		"thirdperson_righthand": {
			"rotation": [0, 90, 55],
			"translation": [1.25, 11.5, 5],
			"scale": [1.7, 1.7, 1.7]
		},
		"thirdperson_lefthand": {
			"rotation": [0, -90, -55],
			"translation": [-0.75, 11, 5],
			"scale": [1.7, 1.7, 1.7]
		},
		"firstperson_righthand": {
			"rotation": [30, 90, 0],
			"translation": [5, 3.25, 0],
			"scale": [2, 2, 2]
		},
		"firstperson_lefthand": {
			"rotation": [30, -90, 0],
			"translation": [3.5, 3.75, 0],
			"scale": [2, 2, 2]
		},
		"ground": {
			"translation": [0, 5.5, 0],
			"scale": [1.1, 1.1, 1.1]
		},
		"gui": {
			"translation": [2.75, 5, 0],
			"scale": [2, 2, 2]
		},
		"head": {
			"rotation": [90, 0, 0],
			"translation": [0, 5.75, 0],
			"scale": [1.5, 1.5, 1.5]
		},
		"fixed": {
			"translation": [1.75, 3.75, 3],
			"scale": [2, 2, 4]
		}
	},
	"groups": [
		{
			"name": "royal kyanite_cleaver",
			"origin": [8, 8, 8],
			"color": 0,
			"children": [0, 1, 2, 3, 4, 5, 6, 7, 8, 9, 10, 11, 12, 13, 14, 15, 16, 17, 18, 19, 20, 21, 22, 23, 24, 25]
		}
	]
}